GKÇ FİDER ID;GKÇ TRAFO MERKEZİ ADI;FİDER ADI;İLİ;BÖLGE MÜDÜRLÜĞÜ;GERİLİM;ÖLÇÜM MODU;AÇIKLAMA;EŞLİ;AKTİF;GÜNCELLEYEN KULLANICI;GÜNCELLENME ZAMANI
270;BALGAT;33 kV TRANSFORMATÖR A;ANKARA;8. Bölge Müdürlüğü;33;PMU;;false;false;YÜK TEVZİ BİLGİ SİSTEMİ;04.07.2022 00:44
435;KARAMAN;154 kV GEZENDE HES;KARAMAN;9. Bölge Müdürlüğü;154;PMU;;true;true;YÜK TEVZİ BİLGİ SİSTEMİ;26.09.2022 00:44
394;KARATAY;400 kV KARAPINAR MEKE GÖLÜ;KONYA;9. Bölge Müdürlüğü;380;PMU;;true;true;YÜK TEVZİ BİLGİ SİSTEMİ;01.02.2022 12:20
395;KARATAY;400 kV MERSİN 380;KONYA;9. Bölge Müdürlüğü;380;PMU;;false;false;YÜK TEVZİ BİLGİ SİSTEMİ;09.09.2024 00:44
30;SİNCAN;154 kV BANK B;ANKARA;8. Bölge Müdürlüğü;154;PMU;;false;false;YÜK TEVZİ BİLGİ SİSTEMİ;01.02.2022 12:20
29;SİNCAN;400 kV OSMANCA;ANKARA;8. Bölge Müdürlüğü;380;PMU;;true;true;YÜK TEVZİ BİLGİ SİSTEMİ;01.02.2022 12:20
366;SİNCAN;400 kV ÜRGÜP GÜNEY;ANKARA;8. Bölge Müdürlüğü;380;PMU;;true;false;YÜK TEVZİ BİLGİ SİSTEMİ;06.03.2023 00:44
365;SİNCAN;400 kV ÜRGÜP KUZEY;ANKARA;8. Bölge Müdürlüğü;380;PMU;;true;true;YÜK TEVZİ BİLGİ SİSTEMİ;06.03.2023 00:44
375;TEMELLİ;400 kV ADA 1 DGKÇS;ANKARA;8. Bölge Müdürlüğü;380;PMU;;true;false;YÜK TEVZİ BİLGİ SİSTEMİ;01.02.2022 12:20
376;TEMELLİ;400 kV SİNCAN;ANKARA;8. Bölge Müdürlüğü;380;PMU;;true;true;YÜK TEVZİ BİLGİ SİSTEMİ;01.02.2022 12:20
286;TEMELLİ;400 kV YEŞİLHİSAR KUZEY;ANKARA;8. Bölge Müdürlüğü;380;PMU;;true;true;YÜK TEVZİ BİLGİ SİSTEMİ;06.03.2023 00:44
285;TEMELLİ;400 kV YUNUS EMRE TES;ANKARA;8. Bölge Müdürlüğü;380;PMU;;true;true;YÜK TEVZİ BİLGİ SİSTEMİ;01.02.2022 12:20
704;YEŞİLHİSAR;400 kV KARAPINAR MEKE GÖLÜ;KAYSERI;11. Bölge Müdürlüğü;380;PMU;;true;true;YÜK TEVZİ BİLGİ SİSTEMİ;01.02.2022 12:20
705;YEŞİLHİSAR;400 kV TEMELLİ HAT2;KAYSERI;11. Bölge Müdürlüğü;380;PMU;;true;true;YÜK TEVZİ BİLGİ SİSTEMİ;19.06.2023 00:44
2653;AĞAÇÖREN SKM;400 kV KAPASİTÖR BANK GÜNEY (YEŞİLHİSAR - TEMELLİ - II);AKSARAY;11. Bölge Müdürlüğü;380;PQ;;false;false;YÜK TEVZİ BİLGİ SİSTEMİ;15.07.2024 00:44
2652;AĞAÇÖREN SKM;400 kV KAPASİTÖR BANK KUZEY (YEŞİLHİSAR - TEMELLİ - I );AKSARAY;11. Bölge Müdürlüğü;380;PQ;;false;false;YÜK TEVZİ BİLGİ SİSTEMİ;15.07.2024 00:44
2648;AĞAÇÖREN SKM;400 kV YEŞİLHİSAR - TEMELLİ -HAT 1 E.İ. HATTI SAPLAMA ;AKSARAY;11. Bölge Müdürlüğü;380;PQ;;false;false;YÜK TEVZİ BİLGİ SİSTEMİ;15.07.2024 00:44
2649;AĞAÇÖREN SKM;400 kV YEŞİLHİSAR - TEMELLİ -HAT 2 E.İ. HATTI SAPLAMA ;AKSARAY;11. Bölge Müdürlüğü;380;PQ;;false;false;YÜK TEVZİ BİLGİ SİSTEMİ;15.07.2024 00:44
391;AKKÖPRÜ GİS;154 kV HASKÖY GİS KABLO;ANKARA;8. Bölge Müdürlüğü;154;PQ;;true;true;YÜK TEVZİ BİLGİ SİSTEMİ;16.12.2024 00:44
388;AKKÖPRÜ GİS;33 kV TRANSFORMATÖR A;ANKARA;8. Bölge Müdürlüğü;33;PQ;;true;true;YÜK TEVZİ BİLGİ SİSTEMİ;16.12.2024 00:44
389;AKKÖPRÜ GİS;33 kV TRANSFORMATÖR B;ANKARA;8. Bölge Müdürlüğü;33;PQ;;true;true;YÜK TEVZİ BİLGİ SİSTEMİ;16.12.2024 00:44
390;AKKÖPRÜ GİS;33 kV TRANSFORMATÖR C;ANKARA;8. Bölge Müdürlüğü;33;PQ;;true;true;YÜK TEVZİ BİLGİ SİSTEMİ;16.12.2024 00:44
2274;AKYEL 1 RES;154 kV TRANSFORMATÖR A;KARAMAN;9. Bölge Müdürlüğü;154;PQ;;false;false;YÜK TEVZİ BİLGİ SİSTEMİ;01.02.2022 12:20
2275;AKYEL 1 RES;154 kV TRANSFORMATÖR B;KARAMAN;9. Bölge Müdürlüğü;154;PQ;;false;false;YÜK TEVZİ BİLGİ SİSTEMİ;01.02.2022 12:20
1857;ARDIÇLI RES;154 kV TRANSFORMATÖR A;KONYA;9. Bölge Müdürlüğü;154;PQ;;true;true;YÜK TEVZİ BİLGİ SİSTEMİ;01.02.2022 12:20
1858;ARDIÇLI RES;154 kV TRANSFORMATÖR B;KONYA;9. Bölge Müdürlüğü;154;PQ;;true;true;YÜK TEVZİ BİLGİ SİSTEMİ;01.02.2022 12:20
2292;ATAKALE RES;154 kV TRANSFORMATÖR A;ANKARA;8. Bölge Müdürlüğü;154;PQ;;true;true;YÜK TEVZİ BİLGİ SİSTEMİ;18.04.2022 00:44
2713;AYBASTI RES;154 kV TRANSFORMATÖR ;KARAMAN;9. Bölge Müdürlüğü;154;PQ;;false;false;YÜK TEVZİ BİLGİ SİSTEMİ;17.11.2025 00:44
1978;BAĞLAR RES;154 kV TRANSFORMATÖR A;KONYA;9. Bölge Müdürlüğü;154;PQ;;true;true;YÜK TEVZİ BİLGİ SİSTEMİ;01.02.2022 12:20
1979;BAĞLAR RES;154 kV TRANSFORMATÖR B;KONYA;9. Bölge Müdürlüğü;154;PQ;;true;true;YÜK TEVZİ BİLGİ SİSTEMİ;01.02.2022 12:20
386;BAĞLUM;154 kV BANK A;ANKARA;8. Bölge Müdürlüğü;154;PQ;;false;false;YÜK TEVZİ BİLGİ SİSTEMİ;01.02.2022 12:20
387;BAĞLUM;154 kV BANK B;ANKARA;8. Bölge Müdürlüğü;154;PQ;;false;false;YÜK TEVZİ BİLGİ SİSTEMİ;01.02.2022 12:20
385;BAĞLUM;400 kV KAYABAŞI MEHMET ESEN;ANKARA;8. Bölge Müdürlüğü;380;PQ;;true;true;YÜK TEVZİ BİLGİ SİSTEMİ;01.02.2022 12:20
384;BAĞLUM;400 kV SİNCAN;ANKARA;8. Bölge Müdürlüğü;380;PQ;;true;true;YÜK TEVZİ BİLGİ SİSTEMİ;01.02.2022 12:20
1063;BALGAT;154 kV ÇİĞDEM GİS KABLO;ANKARA;8. Bölge Müdürlüğü;154;PQ;;true;false;YÜK TEVZİ BİLGİ SİSTEMİ;28.11.2022 00:44
1064;BALGAT;154 kV MALTEPE GİS KABLO;ANKARA;8. Bölge Müdürlüğü;154;PQ;;true;false;YÜK TEVZİ BİLGİ SİSTEMİ;27.06.2022 00:44
7;BALGAT;154 kV TRANSFORMATÖR A;ANKARA;8. Bölge Müdürlüğü;154;PQ;;true;false;YÜK TEVZİ BİLGİ SİSTEMİ;01.02.2022 12:20
271;BALGAT;154 kV TRANSFORMATÖR B;ANKARA;8. Bölge Müdürlüğü;154;PQ;;true;false;YÜK TEVZİ BİLGİ SİSTEMİ;01.02.2022 12:20
8;BALGAT;33 kV TRANSFORMATÖR B;ANKARA;8. Bölge Müdürlüğü;33;PQ;;false;false;YÜK TEVZİ BİLGİ SİSTEMİ;04.07.2022 00:44
462;BAŞTAŞ;154 kV KAYAŞ;KIRIKKALE;8. Bölge Müdürlüğü;154;PQ;;true;true;YÜK TEVZİ BİLGİ SİSTEMİ;01.02.2022 12:20
1108;BAŞTAŞ;154 kV KIRIKKALE;KIRIKKALE;8. Bölge Müdürlüğü;154;PQ;;false;false;YÜK TEVZİ BİLGİ SİSTEMİ;01.02.2022 12:20
1109;BAŞTAŞ;33 kV TRANSFORMATÖR A;KIRIKKALE;8. Bölge Müdürlüğü;33;PQ;;false;false;YÜK TEVZİ BİLGİ SİSTEMİ;01.02.2022 12:20
463;BAŞTAŞ;33 kV TRANSFORMATÖR B;KIRIKKALE;8. Bölge Müdürlüğü;33;PQ;;false;false;YÜK TEVZİ BİLGİ SİSTEMİ;01.02.2022 12:20
1633;BAYRAMHACILI HES;154 kV TRANSFORMATÖR GRUP 1;NEVŞEHİR;11. Bölge Müdürlüğü;154;PQ;;true;true;YÜK TEVZİ BİLGİ SİSTEMİ;01.02.2022 12:20
1634;BAYRAMHACILI HES;154 kV TRANSFORMATÖR GRUP 2;NEVŞEHİR;11. Bölge Müdürlüğü;154;PQ;;true;true;YÜK TEVZİ BİLGİ SİSTEMİ;01.02.2022 12:20
2270;ÇAMINBAŞI RES;154 kV KUYULUKOYAK RES;KONYA;9. Bölge Müdürlüğü;154;PQ;;true;true;YÜK TEVZİ BİLGİ SİSTEMİ;01.02.2022 12:20
289;ÇAYIRHAN TES;400 kV ADAPAZARI;ANKARA;8. Bölge Müdürlüğü;380;PQ;;true;true;YÜK TEVZİ BİLGİ SİSTEMİ;01.02.2022 12:20
290;ÇAYIRHAN TES;400 kV SİNCAN;ANKARA;8. Bölge Müdürlüğü;380;PQ;;true;true;YÜK TEVZİ BİLGİ SİSTEMİ;01.02.2022 12:20
1000;ÇAYIRHAN TES;400 kV TRANSFORMATÖR GRUP 3;ANKARA;8. Bölge Müdürlüğü;380;PQ;;true;true;YÜK TEVZİ BİLGİ SİSTEMİ;12.09.2022 00:44
1001;ÇAYIRHAN TES;400 kV TRANSFORMATÖR GRUP 4;ANKARA;8. Bölge Müdürlüğü;380;PQ;;true;false;YÜK TEVZİ BİLGİ SİSTEMİ;12.09.2022 00:44
1967;DDY ARAPLI;154 kV TRANSFORMATÖR A;KAYSERİ;11. Bölge Müdürlüğü;154;PQ;;false;false;YÜK TEVZİ BİLGİ SİSTEMİ;01.02.2022 12:20
1894;DDY AŞAĞIPINARBAŞI;154 kV TRANSFORMATÖR TR-1;KONYA;9. Bölge Müdürlüğü;154;PQ;;false;false;YÜK TEVZİ BİLGİ SİSTEMİ;01.02.2022 12:20
1895;DDY AŞAĞIPINARBAŞI;154 kV TRANSFORMATÖR TR-2;KONYA;9. Bölge Müdürlüğü;154;PQ;;false;false;YÜK TEVZİ BİLGİ SİSTEMİ;01.02.2022 12:20
1878;DDY BEYLİKKÖPRÜ;154 kV TRANSFORMATÖR A;ANKARA;8. Bölge Müdürlüğü;154;PQ;;false;false;YÜK TEVZİ BİLGİ SİSTEMİ;01.02.2022 12:20
1969;DDY BOĞAZKÖPRÜ;154 kV TRANSFORMATÖR A;KAYSERİ;11. Bölge Müdürlüğü;154;PQ;;false;false;YÜK TEVZİ BİLGİ SİSTEMİ;01.02.2022 12:20
1968;DDY BOR;154 kV TRANSFORMATÖR A;KAYSERİ;11. Bölge Müdürlüğü;154;PQ;;false;false;YÜK TEVZİ BİLGİ SİSTEMİ;01.02.2022 12:20
1898;DDY ÇAYIRBAŞI;154 kV TRANSFORMATÖR TR-1;KONYA;9. Bölge Müdürlüğü;154;PQ;;false;false;YÜK TEVZİ BİLGİ SİSTEMİ;01.02.2022 12:20
1899;DDY ÇAYIRBAŞI;154 kV TRANSFORMATÖR TR-2;KONYA;9. Bölge Müdürlüğü;154;PQ;;false;false;YÜK TEVZİ BİLGİ SİSTEMİ;01.02.2022 12:20
2110;DDY ÇUMRA;154 kV KARATAY - ÇUMRA  E.İ. HATTI SAPLAMA ;KONYA;9. Bölge Müdürlüğü;154;PQ;;false;false;YÜK TEVZİ BİLGİ SİSTEMİ;25.04.2022 00:44
1890;DDY ETİMESGUT;154 kV TRANSFORMATÖR A;ANKARA;8. Bölge Müdürlüğü;154;PQ;;false;false;YÜK TEVZİ BİLGİ SİSTEMİ;01.02.2022 12:20
1891;DDY ETİMESGUT;154 kV TRANSFORMATÖR B;ANKARA;8. Bölge Müdürlüğü;154;PQ;;false;false;YÜK TEVZİ BİLGİ SİSTEMİ;01.02.2022 12:20
2085;DDY ETİMESGUT;24 kV TRANSFORMATÖR A;ANKARA;8. Bölge Müdürlüğü;33;PQ;;false;false;YÜK TEVZİ BİLGİ SİSTEMİ;04.07.2022 00:44
1896;DDY GÖZLÜ;154 kV TRANSFORMATÖR TR-1;KONYA;9. Bölge Müdürlüğü;154;PQ;;false;false;YÜK TEVZİ BİLGİ SİSTEMİ;01.02.2022 12:20
1897;DDY GÖZLÜ;154 kV TRANSFORMATÖR TR-2;KONYA;9. Bölge Müdürlüğü;154;PQ;;false;false;YÜK TEVZİ BİLGİ SİSTEMİ;01.02.2022 12:20
2119;DDY KARAMAN;154 kV DİANA OTEL GES - KARAMAN E.İ. HATTI SAPLAMA ;KONYA;9. Bölge Müdürlüğü;154;PQ;;false;false;YÜK TEVZİ BİLGİ SİSTEMİ;10.03.2025 00:44
1892;DDY KOCAHACILI;154 kV TRANSFORMATÖR A;ANKARA;8. Bölge Müdürlüğü;154;PQ;;false;false;YÜK TEVZİ BİLGİ SİSTEMİ;01.02.2022 12:20
1893;DDY KOCAHACILI;154 kV TRANSFORMATÖR B;ANKARA;8. Bölge Müdürlüğü;154;PQ;;false;false;YÜK TEVZİ BİLGİ SİSTEMİ;01.02.2022 12:20
1889;DDY MALİKÖY;154 kV TRANSFORMATÖR A;ANKARA;8. Bölge Müdürlüğü;154;PQ;;false;false;YÜK TEVZİ BİLGİ SİSTEMİ;01.02.2022 12:20
1977;DDY NENEK;154 kV TRANSFORMATÖR A;ANKARA;8. Bölge Müdürlüğü;154;PQ;;false;false;YÜK TEVZİ BİLGİ SİSTEMİ;01.02.2022 12:20
1862;DDY SAZAK;154 kV TRANSFORMATÖR A;ESKİŞEHİR;8. Bölge Müdürlüğü;154;PQ;;false;false;YÜK TEVZİ BİLGİ SİSTEMİ;01.02.2022 12:20
2535;ERCİYES RES;154 kV TRANSFORMATÖR A;KAYSERİ;11. Bölge Müdürlüğü;154;PQ;;true;true;YÜK TEVZİ BİLGİ SİSTEMİ;07.11.2022 00:44
272;ESENBOĞA;154 kV TRANSFORMATÖR A;ANKARA;8. Bölge Müdürlüğü;154;PQ;;true;true;YÜK TEVZİ BİLGİ SİSTEMİ;01.02.2022 12:20
66;ESENBOĞA;33 kV TRANSFORMATÖR B;ANKARA;8. Bölge Müdürlüğü;33;PQ;;true;true;YÜK TEVZİ BİLGİ SİSTEMİ;04.07.2022 00:44
1198;ETİ SODA;154 kV BEYPAZARI;ANKARA;8. Bölge Müdürlüğü;154;PQ;;true;true;YÜK TEVZİ BİLGİ SİSTEMİ;01.02.2022 12:20
1199;ETİ SODA;154 kV ÇAYIRHAN TES;ANKARA;8. Bölge Müdürlüğü;154;PQ;;true;true;YÜK TEVZİ BİLGİ SİSTEMİ;01.02.2022 12:20
1439;GEYCEK RES;154 kV TRANSFORMATÖR A;KIRŞEHİR;11. Bölge Müdürlüğü;154;PQ;;true;true;YÜK TEVZİ BİLGİ SİSTEMİ;01.02.2022 12:20
1440;GEYCEK RES;154 kV TRANSFORMATÖR B;KIRŞEHİR;11. Bölge Müdürlüğü;154;PQ;;true;true;YÜK TEVZİ BİLGİ SİSTEMİ;01.02.2022 12:20
1882;GÖKÇEKAYA HES;10.5 kV GRUP 1;ESKİŞEHİR;6. Bölge Müdürlüğü;15;PQ;;true;true;YÜK TEVZİ BİLGİ SİSTEMİ;04.07.2022 00:44
1883;GÖKÇEKAYA HES;10.5 kV GRUP 2;ESKİŞEHİR;6. Bölge Müdürlüğü;15;PQ;;true;true;YÜK TEVZİ BİLGİ SİSTEMİ;04.07.2022 00:44
1884;GÖKÇEKAYA HES;10.5 kV GRUP 3;ESKİŞEHİR;6. Bölge Müdürlüğü;15;PQ;;true;true;YÜK TEVZİ BİLGİ SİSTEMİ;04.07.2022 00:44
1983;GÖKÇEKAYA HES;400 kV AKSA GÖYNÜK TES;ESKİŞEHİR;6. Bölge Müdürlüğü;380;PQ;;false;false;YÜK TEVZİ BİLGİ SİSTEMİ;01.02.2022 12:20
1982;GÖKÇEKAYA HES;400 kV ESKİŞEHİR 3;ESKİŞEHİR;6. Bölge Müdürlüğü;380;PQ;;false;false;YÜK TEVZİ BİLGİ SİSTEMİ;01.02.2022 12:20
1981;GÖKÇEKAYA HES;400 kV GÖLBAŞI;ESKİŞEHİR;6. Bölge Müdürlüğü;380;PQ;;true;true;YÜK TEVZİ BİLGİ SİSTEMİ;01.02.2022 12:20
273;GÖLBAŞI;154 kV YEDEK 2;ANKARA;8. Bölge Müdürlüğü;154;PQ;;true;true;YÜK TEVZİ BİLGİ SİSTEMİ;15.07.2024 00:44
363;GÖLBAŞI;154 kV YEDEK 4;ANKARA;8. Bölge Müdürlüğü;154;PQ;;false;false;YÜK TEVZİ BİLGİ SİSTEMİ;15.07.2024 00:44
364;GÖLBAŞI;33 kV YEDEK ;ANKARA;8. Bölge Müdürlüğü;33;PQ;;false;false;YÜK TEVZİ BİLGİ SİSTEMİ;08.09.2025 00:44
274;GÖLBAŞI;33 kV YEDEK 50;ANKARA;8. Bölge Müdürlüğü;33;PQ;;false;false;YÜK TEVZİ BİLGİ SİSTEMİ;06.04.2026 00:44
362;GÖLBAŞI;400 kV GÖKÇEKAYA HES ;ANKARA;8. Bölge Müdürlüğü;380;PQ;;true;true;YÜK TEVZİ BİLGİ SİSTEMİ;01.02.2022 12:20
23;GÖLBAŞI;400 kV İÇANADOLU DGKÇS;ANKARA;8. Bölge Müdürlüğü;380;PQ;;true;true;YÜK TEVZİ BİLGİ SİSTEMİ;01.02.2022 12:20
25;GÖLBAŞI;400 kV KAYAŞ;ANKARA;8. Bölge Müdürlüğü;380;PQ;;true;true;YÜK TEVZİ BİLGİ SİSTEMİ;27.06.2022 00:44
361;GÖLBAŞI;400 kV KAYSERİ KAPASİTÖR GÜNEY;ANKARA;8. Bölge Müdürlüğü;380;PQ;;true;true;YÜK TEVZİ BİLGİ SİSTEMİ;06.03.2023 00:44
360;GÖLBAŞI;400 kV KAYSERİ KAPASİTÖR KUZEY;ANKARA;8. Bölge Müdürlüğü;380;PQ;;true;true;YÜK TEVZİ BİLGİ SİSTEMİ;06.03.2023 00:44
359;GÖLBAŞI;400 kV SİNCAN;ANKARA;8. Bölge Müdürlüğü;380;PQ;;true;true;YÜK TEVZİ BİLGİ SİSTEMİ;01.02.2022 12:20
1602;HACILAR;33 kV TRANSFORMATÖR C;KIRIKKALE;8. Bölge Müdürlüğü;33;PQ;;true;true;YÜK TEVZİ BİLGİ SİSTEMİ;04.07.2022 00:44
1603;HACILAR;33 kV TRANSFORMATÖR D;KIRIKKALE;8. Bölge Müdürlüğü;33;PQ;;true;true;YÜK TEVZİ BİLGİ SİSTEMİ;04.07.2022 00:44
1935;HİRFANLI HES;10.5 kV GRUP 1;KIRŞEHİR;11. Bölge Müdürlüğü;15;PQ;;true;true;YÜK TEVZİ BİLGİ SİSTEMİ;04.07.2022 00:44
1936;HİRFANLI HES;10.5 kV GRUP 2;KIRŞEHİR;11. Bölge Müdürlüğü;15;PQ;;true;true;YÜK TEVZİ BİLGİ SİSTEMİ;04.07.2022 00:44
1937;HİRFANLI HES;10.5 kV GRUP 3;KIRŞEHİR;11. Bölge Müdürlüğü;15;PQ;;true;true;YÜK TEVZİ BİLGİ SİSTEMİ;04.07.2022 00:44
1938;HİRFANLI HES;10.5 kV GRUP 4;KIRŞEHİR;11. Bölge Müdürlüğü;15;PQ;;true;true;YÜK TEVZİ BİLGİ SİSTEMİ;04.07.2022 00:44
1931;HİRFANLI HES;154 kV TRANSFORMATÖR GRUP 1;KIRŞEHİR;11. Bölge Müdürlüğü;154;PQ;;false;false;YÜK TEVZİ BİLGİ SİSTEMİ;01.02.2022 12:20
1932;HİRFANLI HES;154 kV TRANSFORMATÖR GRUP 2;KIRŞEHİR;11. Bölge Müdürlüğü;154;PQ;;false;false;YÜK TEVZİ BİLGİ SİSTEMİ;01.02.2022 12:20
1933;HİRFANLI HES;154 kV TRANSFORMATÖR GRUP 3;KIRŞEHİR;11. Bölge Müdürlüğü;154;PQ;;false;false;YÜK TEVZİ BİLGİ SİSTEMİ;01.02.2022 12:20
1934;HİRFANLI HES;154 kV TRANSFORMATÖR GRUP 4;KIRŞEHİR;11. Bölge Müdürlüğü;154;PQ;;false;false;YÜK TEVZİ BİLGİ SİSTEMİ;01.02.2022 12:20
1721;İÇANADOLU DGKÇS;400 kV TRANSFORMATÖR GRUP 1;KIRIKKALE;8. Bölge Müdürlüğü;380;PQ;;true;true;YÜK TEVZİ BİLGİ SİSTEMİ;21.02.2022 00:44
1720;İÇANADOLU DGKÇS;400 kV TRANSFORMATÖR GRUP 2;KIRIKKALE;8. Bölge Müdürlüğü;380;PQ;;true;true;YÜK TEVZİ BİLGİ SİSTEMİ;01.02.2022 12:20
1719;İÇANADOLU DGKÇS;400 kV TRANSFORMATÖR GRUP 3;KIRIKKALE;8. Bölge Müdürlüğü;380;PQ;;true;true;YÜK TEVZİ BİLGİ SİSTEMİ;21.02.2022 00:44
1789;KALECİK;33 kV KALECİK HES;ANKARA;8. Bölge Müdürlüğü;33;PQ;;true;true;YÜK TEVZİ BİLGİ SİSTEMİ;11.04.2022 00:44
1869;KAPULUKAYA HES;10.5 kV GRUP 1;ANKARA;8. Bölge Müdürlüğü;15;PQ;;true;true;YÜK TEVZİ BİLGİ SİSTEMİ;04.07.2022 00:44
1870;KAPULUKAYA HES;10.5 kV GRUP 2;ANKARA;8. Bölge Müdürlüğü;15;PQ;;true;true;YÜK TEVZİ BİLGİ SİSTEMİ;04.07.2022 00:44
1871;KAPULUKAYA HES;10.5 kV GRUP 3;ANKARA;8. Bölge Müdürlüğü;15;PQ;;true;true;YÜK TEVZİ BİLGİ SİSTEMİ;04.07.2022 00:44
1872;KAPULUKAYA HES;154 kV HACILAR;ANKARA;8. Bölge Müdürlüğü;154;PQ;;false;false;YÜK TEVZİ BİLGİ SİSTEMİ;01.02.2022 12:20
433;KARAMAN;154 kV DİANA OTEL GES;KARAMAN;9. Bölge Müdürlüğü;154;PQ;;true;true;YÜK TEVZİ BİLGİ SİSTEMİ;24.02.2025 00:44
2544;KARAMAN;154 kV KARAMAN OSB;KARAMAN;9. Bölge Müdürlüğü;154;PQ;;true;true;YÜK TEVZİ BİLGİ SİSTEMİ;06.03.2023 00:44
434;KARAMAN;33 kV TRANSFORMATÖR A;KARAMAN;9. Bölge Müdürlüğü;33;PQ;;true;true;YÜK TEVZİ BİLGİ SİSTEMİ;04.07.2022 00:44
2453;KARAPINAR;154 kV EREĞLİ KONYA;KONYA;9. Bölge Müdürlüğü;154;PQ;;true;true;YÜK TEVZİ BİLGİ SİSTEMİ;14.03.2022 00:44
2452;KARAPINAR;154 kV KARAPINAR ACIGÖL HAT1;KONYA;9. Bölge Müdürlüğü;154;PQ;;true;true;YÜK TEVZİ BİLGİ SİSTEMİ;14.03.2022 00:44
396;KARATAY;154 kV BANK A;KONYA;9. Bölge Müdürlüğü;154;PQ;;false;false;YÜK TEVZİ BİLGİ SİSTEMİ;01.02.2022 12:20
397;KARATAY;154 kV BANK B;KONYA;9. Bölge Müdürlüğü;154;PQ;;false;false;YÜK TEVZİ BİLGİ SİSTEMİ;01.02.2022 12:20
2607;KARATAY;154 kV KAPASİTÖR ;KONYA;9. Bölge Müdürlüğü;154;PQ;;false;false;YÜK TEVZİ BİLGİ SİSTEMİ;15.07.2024 00:44
2608;KARATAY;154 kV KAPASİTÖR NÖTR BARA;KONYA;9. Bölge Müdürlüğü;154;PQ;;false;false;YÜK TEVZİ BİLGİ SİSTEMİ;15.07.2024 00:44
399;KARATAY;33 kV TRANSFORMATÖR B;KONYA;9. Bölge Müdürlüğü;33;PQ;;true;true;YÜK TEVZİ BİLGİ SİSTEMİ;01.02.2022 12:20
398;KARATAY;400 kV KONYA KUZEY;KONYA;9. Bölge Müdürlüğü;380;PQ;;true;false;YÜK TEVZİ BİLGİ SİSTEMİ;27.06.2022 00:44
1698;KAYACIK;33 kV ORGANİZE SANAYİ 1 (YENİ);KONYA;9. Bölge Müdürlüğü;33;PQ;;true;true;YÜK TEVZİ BİLGİ SİSTEMİ;05.01.2026 00:44
1699;KAYACIK;33 kV ORGANİZE SANAYİ 2 (YENİ);KONYA;9. Bölge Müdürlüğü;33;PQ;;true;true;YÜK TEVZİ BİLGİ SİSTEMİ;12.01.2026 00:44
1700;KAYACIK;33 kV ORGANİZE SANAYİ 3 ;KONYA;9. Bölge Müdürlüğü;33;PQ;;true;true;YÜK TEVZİ BİLGİ SİSTEMİ;01.02.2022 12:20
1701;KAYACIK;33 kV ORGANİZE SANAYİ 4;KONYA;9. Bölge Müdürlüğü;33;PQ;;true;true;YÜK TEVZİ BİLGİ SİSTEMİ;04.07.2022 00:44
1702;KAYACIK;33 kV ORGANİZE SANAYİ 5;KONYA;9. Bölge Müdürlüğü;33;PQ;;true;true;YÜK TEVZİ BİLGİ SİSTEMİ;04.07.2022 00:44
1703;KAYACIK;33 kV ORGANİZE SANAYİ 6;KONYA;9. Bölge Müdürlüğü;33;PQ;;true;true;YÜK TEVZİ BİLGİ SİSTEMİ;05.09.2022 00:44
1308;KAYSERİ 2;33 kV MİMAR SİNAN OSB 1;KAYSERİ;11. Bölge Müdürlüğü;33;PQ;;true;true;YÜK TEVZİ BİLGİ SİSTEMİ;04.07.2022 00:44
1309;KAYSERİ 2;33 kV MİMAR SİNAN OSB 2;KAYSERİ;11. Bölge Müdürlüğü;33;PQ;;true;true;YÜK TEVZİ BİLGİ SİSTEMİ;04.07.2022 00:44
1356;KAYSERİ 3;33 kV DM 5-1;KAYSERİ;11. Bölge Müdürlüğü;33;PQ;;true;true;YÜK TEVZİ BİLGİ SİSTEMİ;11.11.2024 00:44
1357;KAYSERİ 3;33 kV DM 5-2;KAYSERİ;11. Bölge Müdürlüğü;33;PQ;;true;true;YÜK TEVZİ BİLGİ SİSTEMİ;11.11.2024 00:44
1355;KAYSERİ 3;33 kV ERCİYES 13-1;KAYSERİ;11. Bölge Müdürlüğü;33;PQ;;true;true;YÜK TEVZİ BİLGİ SİSTEMİ;11.11.2024 00:44
1354;KAYSERİ 3;33 kV ERCİYES 13-2;KAYSERİ;11. Bölge Müdürlüğü;33;PQ;;true;true;YÜK TEVZİ BİLGİ SİSTEMİ;11.11.2024 00:44
1351;KAYSERİ 3;33 kV TRANSFORMATÖR A;KAYSERİ;11. Bölge Müdürlüğü;33;PQ;;true;true;YÜK TEVZİ BİLGİ SİSTEMİ;04.07.2022 00:44
1352;KAYSERİ 3;33 kV TRANSFORMATÖR B;KAYSERİ;11. Bölge Müdürlüğü;33;PQ;;true;true;YÜK TEVZİ BİLGİ SİSTEMİ;04.07.2022 00:44
1353;KAYSERİ 3;33 kV TRANSFORMATÖR C;KAYSERİ;11. Bölge Müdürlüğü;33;PQ;;true;true;YÜK TEVZİ BİLGİ SİSTEMİ;01.02.2022 12:20
1360;KAYSERİ 4;33 kV TRANSFORMATÖR A;KAYSERİ;11. Bölge Müdürlüğü;33;PQ;;true;true;YÜK TEVZİ BİLGİ SİSTEMİ;01.02.2022 12:20
1361;KAYSERİ 4;33 kV TRANSFORMATÖR B;KAYSERİ;11. Bölge Müdürlüğü;33;PQ;;true;true;YÜK TEVZİ BİLGİ SİSTEMİ;01.02.2022 12:20
713;KAYSERİ KAPASİTÖR;154 kV BANK A;KAYSERİ;11. Bölge Müdürlüğü;154;PQ;;false;false;YÜK TEVZİ BİLGİ SİSTEMİ;01.02.2022 12:20
714;KAYSERİ KAPASİTÖR;154 kV BANK B;KAYSERİ;11. Bölge Müdürlüğü;154;PQ;;false;false;YÜK TEVZİ BİLGİ SİSTEMİ;01.02.2022 12:20
715;KAYSERİ KAPASİTÖR;33 kV TRANSFORMATÖR A;KAYSERİ;11. Bölge Müdürlüğü;33;PQ;;false;false;YÜK TEVZİ BİLGİ SİSTEMİ;04.07.2022 00:44
708;KAYSERİ KAPASİTÖR;400 kV ELBİSTAN TES;KAYSERİ;11. Bölge Müdürlüğü;380;PQ;;false;false;YÜK TEVZİ BİLGİ SİSTEMİ;11.07.2022 00:44
712;KAYSERİ KAPASİTÖR;400 kV GÖLBAŞI GÜNEY;KAYSERİ;11. Bölge Müdürlüğü;380;PQ;;false;false;YÜK TEVZİ BİLGİ SİSTEMİ;06.03.2023 00:44
711;KAYSERİ KAPASİTÖR;400 kV GÖLBAŞI KUZEY;KAYSERİ;11. Bölge Müdürlüğü;380;PQ;;false;false;YÜK TEVZİ BİLGİ SİSTEMİ;06.03.2023 00:44
710;KAYSERİ KAPASİTÖR;400 kV KEBAN ŞALT GÜNEY;KAYSERİ;11. Bölge Müdürlüğü;380;PQ;;false;false;YÜK TEVZİ BİLGİ SİSTEMİ;04.08.2025 00:44
709;KAYSERİ KAPASİTÖR;400 kV KEBAN ŞALT KUZEY;KAYSERİ;11. Bölge Müdürlüğü;380;PQ;;false;false;YÜK TEVZİ BİLGİ SİSTEMİ;04.08.2025 00:44
766;KAZAN;154 kV TRANSFORMATÖR A;ANKARA;8. Bölge Müdürlüğü;154;PQ;;true;true;YÜK TEVZİ BİLGİ SİSTEMİ;01.02.2022 12:20
768;KAZAN;154 kV TRANSFORMATÖR B;ANKARA;8. Bölge Müdürlüğü;154;PQ;;true;true;YÜK TEVZİ BİLGİ SİSTEMİ;01.02.2022 12:20
767;KAZAN;33 kV TRANSFORMATÖR A;ANKARA;8. Bölge Müdürlüğü;33;PQ;;false;false;YÜK TEVZİ BİLGİ SİSTEMİ;01.02.2022 12:20
769;KAZAN;33 kV TRANSFORMATÖR B;ANKARA;8. Bölge Müdürlüğü;33;PQ;;false;false;YÜK TEVZİ BİLGİ SİSTEMİ;01.02.2022 12:20
1810;KAZAN DGKÇS;154 kV TRANSFORMATÖR ;ANKARA;8. Bölge Müdürlüğü;154;PQ;;false;false;YÜK TEVZİ BİLGİ SİSTEMİ;01.02.2022 12:20
1812;KAZAN DGKÇS;154 kV TRANSFORMATÖR GRUP 1;ANKARA;8. Bölge Müdürlüğü;154;PQ;;false;false;YÜK TEVZİ BİLGİ SİSTEMİ;01.02.2022 12:20
1811;KAZAN DGKÇS;154 kV TRANSFORMATÖR GRUP 2;ANKARA;8. Bölge Müdürlüğü;154;PQ;;false;false;YÜK TEVZİ BİLGİ SİSTEMİ;01.02.2022 12:20
1804;KAZAN DGKÇS;154 kV TRANSFORMATÖR PROSES-1;ANKARA;8. Bölge Müdürlüğü;154;PQ;;false;false;YÜK TEVZİ BİLGİ SİSTEMİ;01.02.2022 12:20
1805;KAZAN DGKÇS;154 kV TRANSFORMATÖR PROSES-2;ANKARA;8. Bölge Müdürlüğü;154;PQ;;false;false;YÜK TEVZİ BİLGİ SİSTEMİ;01.02.2022 12:20
1806;KAZAN DGKÇS;154 kV TRANSFORMATÖR PROSES-3;ANKARA;8. Bölge Müdürlüğü;154;PQ;;false;false;YÜK TEVZİ BİLGİ SİSTEMİ;01.02.2022 12:20
1807;KAZAN DGKÇS;154 kV TRANSFORMATÖR PROSES-4;ANKARA;8. Bölge Müdürlüğü;154;PQ;;false;false;YÜK TEVZİ BİLGİ SİSTEMİ;01.02.2022 12:20
1808;KAZAN DGKÇS;154 kV TRANSFORMATÖR PROSES-5;ANKARA;8. Bölge Müdürlüğü;154;PQ;;false;false;YÜK TEVZİ BİLGİ SİSTEMİ;01.02.2022 12:20
1809;KAZAN DGKÇS;154 kV TRANSFORMATÖR PROSES-6;ANKARA;8. Bölge Müdürlüğü;154;PQ;;false;false;YÜK TEVZİ BİLGİ SİSTEMİ;01.02.2022 12:20
1422;KEPEZKAYA HAVZA;33 kV DAMLAPINAR-1;KARAMAN;9. Bölge Müdürlüğü;33;PQ;;true;true;YÜK TEVZİ BİLGİ SİSTEMİ;01.02.2022 12:20
1423;KEPEZKAYA HAVZA;33 kV DAMLAPINAR-2;KARAMAN;9. Bölge Müdürlüğü;33;PQ;;true;true;YÜK TEVZİ BİLGİ SİSTEMİ;01.02.2022 12:20
1582;KEPEZKAYA HAVZA;33 kV YAPISAN-1;KARAMAN;9. Bölge Müdürlüğü;33;PQ;;true;true;YÜK TEVZİ BİLGİ SİSTEMİ;01.02.2022 12:20
1583;KEPEZKAYA HAVZA;33 kV YAPISAN-2;KARAMAN;9. Bölge Müdürlüğü;33;PQ;;true;true;YÜK TEVZİ BİLGİ SİSTEMİ;01.02.2022 12:20
1391;KEPEZKAYA HES;154 kV TRANSFORMATÖR GRUP 1;KARAMAN;9. Bölge Müdürlüğü;154;PQ;;true;true;YÜK TEVZİ BİLGİ SİSTEMİ;01.02.2022 12:20
1392;KEPEZKAYA HES;154 kV TRANSFORMATÖR GRUP 2;KARAMAN;9. Bölge Müdürlüğü;154;PQ;;true;true;YÜK TEVZİ BİLGİ SİSTEMİ;01.02.2022 12:20
1599;KIRDEMİR;154 kV HACILAR HAT+TRANSFORMATÖR;KIRIKKALE;8. Bölge Müdürlüğü;154;PQ;;false;false;YÜK TEVZİ BİLGİ SİSTEMİ;01.02.2022 12:20
1821;KIRIKKALE DGKÇS;400 kV TRANSFORMATÖR GRUP 1;KIRIKKALE;8. Bölge Müdürlüğü;380;PQ;;true;true;YÜK TEVZİ BİLGİ SİSTEMİ;01.02.2022 12:20
1823;KIRIKKALE DGKÇS;400 kV TRANSFORMATÖR GRUP 2;KIRIKKALE;8. Bölge Müdürlüğü;380;PQ;;true;true;YÜK TEVZİ BİLGİ SİSTEMİ;01.02.2022 12:20
1822;KIRIKKALE DGKÇS;400 kV TRANSFORMATÖR GRUP 3;KIRIKKALE;8. Bölge Müdürlüğü;380;PQ;;true;true;YÜK TEVZİ BİLGİ SİSTEMİ;01.02.2022 12:20
2650;KIRŞEHİR 2;33 kV TRANSFORMATÖR A;KIRŞEHİR;11. Bölge Müdürlüğü;33;PQ;;false;false;YÜK TEVZİ BİLGİ SİSTEMİ;12.08.2024 00:44
2651;KIRŞEHİR 2;33 kV TRANSFORMATÖR B;KIRŞEHİR;11. Bölge Müdürlüğü;33;PQ;;false;false;YÜK TEVZİ BİLGİ SİSTEMİ;12.08.2024 00:44
1817;KONYA ÇİMENTO;154 kV TRANSFORMATÖR A;KONYA;9. Bölge Müdürlüğü;154;PQ;;false;false;YÜK TEVZİ BİLGİ SİSTEMİ;01.02.2022 12:20
1818;KONYA ÇİMENTO;154 kV TRANSFORMATÖR B;KONYA;9. Bölge Müdürlüğü;154;PQ;;false;false;YÜK TEVZİ BİLGİ SİSTEMİ;01.02.2022 12:20
2454;KONYA KUZEY;154 kV BANK A;KONYA;9. Bölge Müdürlüğü;154;PQ;;false;false;YÜK TEVZİ BİLGİ SİSTEMİ;04.04.2022 00:44
2455;KONYA KUZEY;154 kV BANK B;KONYA;9. Bölge Müdürlüğü;154;PQ;;false;false;YÜK TEVZİ BİLGİ SİSTEMİ;14.03.2022 00:44
1709;KURTKAYASI RES;154 kV TRANSFORMATÖR A;KAYSERİ;11. Bölge Müdürlüğü;154;PQ;;true;true;YÜK TEVZİ BİLGİ SİSTEMİ;25.04.2022 00:44
2259;KUYULUKOYAK RES;154 kV TRANSFORMATÖR A;KONYA;9. Bölge Müdürlüğü;154;PQ;;true;false;YÜK TEVZİ BİLGİ SİSTEMİ;01.02.2022 12:20
923;MACUNKÖY;154 kV AKKÖPRÜ GİS HAT1;ANKARA;8. Bölge Müdürlüğü;154;PQ;;true;true;YÜK TEVZİ BİLGİ SİSTEMİ;16.12.2024 00:44
922;MACUNKÖY;154 kV ANKARA SANAYİ;ANKARA;8. Bölge Müdürlüğü;154;PQ;;true;false;YÜK TEVZİ BİLGİ SİSTEMİ;01.02.2022 12:20
920;MACUNKÖY;33 kV TRANSFORMATÖR A;ANKARA;8. Bölge Müdürlüğü;33;PQ;;true;true;YÜK TEVZİ BİLGİ SİSTEMİ;04.07.2022 00:44
921;MACUNKÖY;33 kV TRANSFORMATÖR B;ANKARA;8. Bölge Müdürlüğü;33;PQ;;true;true;YÜK TEVZİ BİLGİ SİSTEMİ;04.07.2022 00:44
279;MALTEPE ANKARA GİS;154 kV TRANSFORMATÖR A;ANKARA;8. Bölge Müdürlüğü;154;PQ;;false;false;YÜK TEVZİ BİLGİ SİSTEMİ;15.09.2025 00:44
281;MALTEPE ANKARA GİS;154 kV TRANSFORMATÖR D;ANKARA;8. Bölge Müdürlüğü;154;PQ;;false;false;YÜK TEVZİ BİLGİ SİSTEMİ;15.09.2025 00:44
284;MALTEPE ANKARA GİS;33 kV TRANSFORMATÖR C;ANKARA;8. Bölge Müdürlüğü;33;PQ;;false;false;YÜK TEVZİ BİLGİ SİSTEMİ;15.09.2025 00:44
282;MALTEPE ANKARA GİS;33 kV TRANSFORMATÖR D;ANKARA;8. Bölge Müdürlüğü;33;PQ;;false;false;YÜK TEVZİ BİLGİ SİSTEMİ;15.09.2025 00:44
280;MALTEPE ANKARA GİS;6.3 kV TRANSFORMATÖR A;ANKARA;8. Bölge Müdürlüğü;33;PQ;;false;false;YÜK TEVZİ BİLGİ SİSTEMİ;15.09.2025 00:44
283;MALTEPE ANKARA GİS;6.3 kV TRANSFORMATÖR B;ANKARA;8. Bölge Müdürlüğü;33;PQ;;false;false;YÜK TEVZİ BİLGİ SİSTEMİ;15.09.2025 00:44
2316;MAVİ HES;154 kV TRANSFORMATÖR GRUP 1;KONYA;9. Bölge Müdürlüğü;154;PQ;;false;false;YÜK TEVZİ BİLGİ SİSTEMİ;01.02.2022 12:20
2227;MUTLU RES 5;154 kV TRANSFORMATÖR ;KONYA;9. Bölge Müdürlüğü;154;PQ;;false;false;YÜK TEVZİ BİLGİ SİSTEMİ;01.02.2022 12:20
1364;NİĞDE OSB;33 kV ORGANIZE-1;NİĞDE;11. Bölge Müdürlüğü;33;PQ;;true;true;YÜK TEVZİ BİLGİ SİSTEMİ;01.02.2022 12:20
1365;NİĞDE OSB;33 kV ORGANIZE-2;NİĞDE;11. Bölge Müdürlüğü;33;PQ;;true;true;YÜK TEVZİ BİLGİ SİSTEMİ;01.02.2022 12:20
1366;NİĞDE OSB;33 kV ORGANIZE-3;NİĞDE;11. Bölge Müdürlüğü;33;PQ;;true;true;YÜK TEVZİ BİLGİ SİSTEMİ;01.02.2022 12:20
1367;NİĞDE OSB;33 kV ORGANIZE-4;NİĞDE;11. Bölge Müdürlüğü;33;PQ;;true;true;YÜK TEVZİ BİLGİ SİSTEMİ;01.02.2022 12:20
1696;NİĞDE OSB;33 kV ORGANIZE-5;NİĞDE;11. Bölge Müdürlüğü;33;PQ;;true;true;YÜK TEVZİ BİLGİ SİSTEMİ;01.02.2022 12:20
1697;NİĞDE OSB;33 kV ORGANIZE-6;NİĞDE;11. Bölge Müdürlüğü;33;PQ;;true;true;YÜK TEVZİ BİLGİ SİSTEMİ;01.02.2022 12:20
2493;PETLAS;33 kV ORGANİZE SANAYİ-1;KIRŞEHİR;11. Bölge Müdürlüğü;33;PQ;;false;false;YÜK TEVZİ BİLGİ SİSTEMİ;02.05.2022 00:44
2494;PETLAS;33 kV ORGANİZE SANAYİ-2;KIRŞEHİR;11. Bölge Müdürlüğü;33;PQ;;false;false;YÜK TEVZİ BİLGİ SİSTEMİ;02.05.2022 00:44
2491;PETLAS;33 kV TRANSFORMATÖR C;KIRŞEHİR;11. Bölge Müdürlüğü;33;PQ;;false;false;YÜK TEVZİ BİLGİ SİSTEMİ;02.05.2022 00:44
2492;PETLAS;33 kV TRANSFORMATÖR D;KIRŞEHİR;11. Bölge Müdürlüğü;33;PQ;;false;false;YÜK TEVZİ BİLGİ SİSTEMİ;02.05.2022 00:44
1124;PETLAS;6.3 kV TRANSFORMATÖR A;KIRŞEHİR;11. Bölge Müdürlüğü;33;PQ;;false;false;YÜK TEVZİ BİLGİ SİSTEMİ;27.06.2022 00:44
1125;PETLAS;6.3 kV TRANSFORMATÖR B;KIRŞEHİR;11. Bölge Müdürlüğü;33;PQ;;false;false;YÜK TEVZİ BİLGİ SİSTEMİ;27.06.2022 00:44
1854;POLATLI ÇİMENTO;154 kV TRANSFORMATÖR A;ANKARA;8. Bölge Müdürlüğü;154;PQ;;true;true;YÜK TEVZİ BİLGİ SİSTEMİ;01.02.2022 12:20
1855;POLATLI ÇİMENTO;154 kV TRANSFORMATÖR B;ANKARA;8. Bölge Müdürlüğü;154;PQ;;true;true;YÜK TEVZİ BİLGİ SİSTEMİ;01.02.2022 12:20
1110;SARIYAR HES;10.5 kV GRUP 1;ANKARA;8. Bölge Müdürlüğü;15;PQ;;true;true;YÜK TEVZİ BİLGİ SİSTEMİ;04.07.2022 00:44
1111;SARIYAR HES;10.5 kV GRUP 2;ANKARA;8. Bölge Müdürlüğü;15;PQ;;true;true;YÜK TEVZİ BİLGİ SİSTEMİ;04.07.2022 00:44
1112;SARIYAR HES;10.5 kV GRUP 3;ANKARA;8. Bölge Müdürlüğü;15;PQ;;true;true;YÜK TEVZİ BİLGİ SİSTEMİ;04.07.2022 00:44
1113;SARIYAR HES;10.5 kV GRUP 4;ANKARA;8. Bölge Müdürlüğü;15;PQ;;true;true;YÜK TEVZİ BİLGİ SİSTEMİ;04.07.2022 00:44
1114;SARIYAR HES;10.5 kV YARDIMCI SERVİS 1;ANKARA;8. Bölge Müdürlüğü;15;PQ;;false;false;YÜK TEVZİ BİLGİ SİSTEMİ;04.07.2022 00:44
1115;SARIYAR HES;10.5 kV YARDIMCI SERVİS 2;ANKARA;8. Bölge Müdürlüğü;15;PQ;;false;false;YÜK TEVZİ BİLGİ SİSTEMİ;04.07.2022 00:44
1887;SARIYAR HES;154 kV NALLIHAN HAT1;ANKARA;8. Bölge Müdürlüğü;154;PQ;;false;false;YÜK TEVZİ BİLGİ SİSTEMİ;11.08.2025 00:44
1888;SARIYAR HES;154 kV NALLIHAN HAT2;ANKARA;8. Bölge Müdürlüğü;154;PQ;;false;false;YÜK TEVZİ BİLGİ SİSTEMİ;11.08.2025 00:44
1885;SARIYAR HES;154 kV YEDEK;ANKARA;8. Bölge Müdürlüğü;154;PQ;;false;false;YÜK TEVZİ BİLGİ SİSTEMİ;14.07.2025 00:44
1886;SARIYAR HES;154 kV YEDEK 1;ANKARA;8. Bölge Müdürlüğü;154;PQ;;false;false;YÜK TEVZİ BİLGİ SİSTEMİ;11.08.2025 00:44
33;SİNCAN;154 kV BANK A;ANKARA;8. Bölge Müdürlüğü;154;PQ;;false;false;YÜK TEVZİ BİLGİ SİSTEMİ;01.02.2022 12:20
1030;SİNCAN;154 kV UZAY OSB;ANKARA;8. Bölge Müdürlüğü;154;PQ;;false;false;YÜK TEVZİ BİLGİ SİSTEMİ;07.11.2022 00:44
1172;SİNCAN;33 kV ORGANİZE-6;ANKARA;8. Bölge Müdürlüğü;33;PQ;;true;true;YÜK TEVZİ BİLGİ SİSTEMİ;04.07.2022 00:44
1177;SİNCAN;33 kV ORGANİZE-7;ANKARA;8. Bölge Müdürlüğü;33;PQ;;true;true;YÜK TEVZİ BİLGİ SİSTEMİ;04.07.2022 00:44
1178;SİNCAN;33 kV ORGANİZE-8;ANKARA;8. Bölge Müdürlüğü;33;PQ;;true;true;YÜK TEVZİ BİLGİ SİSTEMİ;04.07.2022 00:44
1797;SİNCAN;33 kV TRANSFORMATÖR 5;ANKARA;8. Bölge Müdürlüğü;33;PQ;;true;true;YÜK TEVZİ BİLGİ SİSTEMİ;01.02.2022 12:20
371;SİNCAN;33 kV TRANSFORMATÖR A;ANKARA;8. Bölge Müdürlüğü;33;PQ;;true;true;YÜK TEVZİ BİLGİ SİSTEMİ;04.07.2022 00:44
372;SİNCAN;33 kV TRANSFORMATÖR B;ANKARA;8. Bölge Müdürlüğü;33;PQ;;true;true;YÜK TEVZİ BİLGİ SİSTEMİ;04.07.2022 00:44
1031;SİNCAN;33 kV TRANSFORMATÖR C;ANKARA;8. Bölge Müdürlüğü;33;PQ;;false;false;YÜK TEVZİ BİLGİ SİSTEMİ;04.07.2022 00:44
370;SİNCAN;400 kV BAĞLUM;ANKARA;8. Bölge Müdürlüğü;380;PQ;;true;true;YÜK TEVZİ BİLGİ SİSTEMİ;01.02.2022 12:20
32;SİNCAN;400 kV BANK A OTOTRANSFORMATÖR  1;ANKARA;8. Bölge Müdürlüğü;380;PQ;;true;true;YÜK TEVZİ BİLGİ SİSTEMİ;01.02.2022 12:20
31;SİNCAN;400 kV BANK B OTOTRANSFORMATÖR  4;ANKARA;8. Bölge Müdürlüğü;380;PQ;;true;true;YÜK TEVZİ BİLGİ SİSTEMİ;01.02.2022 12:20
368;SİNCAN;400 kV ÇAYIRHAN TES;ANKARA;8. Bölge Müdürlüğü;380;PQ;;false;false;YÜK TEVZİ BİLGİ SİSTEMİ;01.02.2022 12:20
369;SİNCAN;400 kV GÖLBAŞI;ANKARA;8. Bölge Müdürlüğü;380;PQ;;true;true;YÜK TEVZİ BİLGİ SİSTEMİ;01.02.2022 12:20
34;SİNCAN;400 kV KIRIKKALE DGKÇS;ANKARA;8. Bölge Müdürlüğü;380;PQ;;true;true;YÜK TEVZİ BİLGİ SİSTEMİ;27.06.2022 00:44
367;SİNCAN;400 kV TEMELLİ;ANKARA;8. Bölge Müdürlüğü;380;PQ;;true;true;YÜK TEVZİ BİLGİ SİSTEMİ;01.02.2022 12:20
350;TEMELLİ;154 kV BAYMİNA DGKÇS HAT1;ANKARA;8. Bölge Müdürlüğü;154;PQ;;true;true;YÜK TEVZİ BİLGİ SİSTEMİ;01.02.2022 12:20
351;TEMELLİ;154 kV BAYMİNA DGKÇS HAT3;ANKARA;8. Bölge Müdürlüğü;154;PQ;;true;true;YÜK TEVZİ BİLGİ SİSTEMİ;01.02.2022 12:20
378;TEMELLİ;33 kV TRANSFORMATÖR A;ANKARA;8. Bölge Müdürlüğü;33;PQ;;true;true;YÜK TEVZİ BİLGİ SİSTEMİ;04.07.2022 00:44
377;TEMELLİ;33 kV TRANSFORMATÖR B;ANKARA;8. Bölge Müdürlüğü;154;PQ;;false;false;YÜK TEVZİ BİLGİ SİSTEMİ;29.07.2024 00:44
374;TEMELLİ;400 kV İGA GES;ANKARA;8. Bölge Müdürlüğü;380;PQ;;true;true;YÜK TEVZİ BİLGİ SİSTEMİ;25.08.2025 00:44
373;TEMELLİ;400 kV YEŞİLHİSAR GÜNEY;ANKARA;8. Bölge Müdürlüğü;380;PQ;;true;true;YÜK TEVZİ BİLGİ SİSTEMİ;06.03.2023 00:44
332;TÜMOSAN;154 kV EŞMEKAYA;AKSARAY;9. Bölge Müdürlüğü;154;PQ;;true;true;YÜK TEVZİ BİLGİ SİSTEMİ;07.03.2022 00:44
333;TÜMOSAN;33 kV TRANSFORMATÖR B;AKSARAY;9. Bölge Müdürlüğü;33;PQ;;true;true;YÜK TEVZİ BİLGİ SİSTEMİ;04.07.2022 00:44
918;ÜMİTKÖY;154 kV SİNCAN;ANKARA;8. Bölge Müdürlüğü;154;PQ;;true;true;YÜK TEVZİ BİLGİ SİSTEMİ;07.08.2023 00:44
919;ÜMİTKÖY;154 kV TEMELLİ HAT1;ANKARA;8. Bölge Müdürlüğü;154;PQ;;false;false;YÜK TEVZİ BİLGİ SİSTEMİ;01.02.2022 12:20
916;ÜMİTKÖY;33 kV TRANSFORMATÖR A;ANKARA;8. Bölge Müdürlüğü;33;PQ;;true;true;YÜK TEVZİ BİLGİ SİSTEMİ;04.07.2022 00:44
917;ÜMİTKÖY;33 kV TRANSFORMATÖR B;ANKARA;8. Bölge Müdürlüğü;33;PQ;;true;true;YÜK TEVZİ BİLGİ SİSTEMİ;04.07.2022 00:44
2597;ÜRGÜP;400 kV ÇOBANBEYLİ;NEVŞEHİR;11. Bölge Müdürlüğü;380;PQ;;true;true;YÜK TEVZİ BİLGİ SİSTEMİ;23.10.2023 00:44
2596;ÜRGÜP;400 kV ELBİSTAN TES;NEVŞEHİR;11. Bölge Müdürlüğü;380;PQ;;true;true;YÜK TEVZİ BİLGİ SİSTEMİ;23.10.2023 00:44
2595;ÜRGÜP;400 kV SİNCAN GÜNEY;NEVŞEHİR;11. Bölge Müdürlüğü;380;PQ;;false;false;YÜK TEVZİ BİLGİ SİSTEMİ;23.10.2023 00:44
2594;ÜRGÜP;400 kV SİNCAN KUZEY;NEVŞEHİR;11. Bölge Müdürlüğü;380;PQ;;true;false;YÜK TEVZİ BİLGİ SİSTEMİ;23.10.2023 00:44
1767;YAHYALI BAK RES;154 kV TRANSFORMATÖR A;KAYSERİ;11. Bölge Müdürlüğü;154;PQ;;false;false;YÜK TEVZİ BİLGİ SİSTEMİ;01.02.2022 12:20
1791;YAHYALI BAK RES;154 kV TRANSFORMATÖR B;KAYSERİ;11. Bölge Müdürlüğü;154;PQ;;false;false;YÜK TEVZİ BİLGİ SİSTEMİ;01.02.2022 12:20
1690;YAHYALI SANCAK RES;154 kV TRANSFORMATÖR A;KAYSERİ;11. Bölge Müdürlüğü;154;PQ;;true;true;YÜK TEVZİ BİLGİ SİSTEMİ;25.04.2022 00:44
1753;YAMULA HES;154 kV TRANSFORMATÖR GRUP 1;KAYSERİ;11. Bölge Müdürlüğü;154;PQ;;true;true;YÜK TEVZİ BİLGİ SİSTEMİ;01.02.2022 12:20
1754;YAMULA HES;154 kV TRANSFORMATÖR GRUP 2;KAYSERİ;11. Bölge Müdürlüğü;154;PQ;;true;true;YÜK TEVZİ BİLGİ SİSTEMİ;01.02.2022 12:20
392;YAZIR;154 kV MERAM GİS;KONYA;9. Bölge Müdürlüğü;154;PQ;;false;false;YÜK TEVZİ BİLGİ SİSTEMİ;05.08.2024 00:44
393;YAZIR;33 kV TRANSFORMATÖR A;KONYA;9. Bölge Müdürlüğü;33;PQ;;false;false;YÜK TEVZİ BİLGİ SİSTEMİ;01.02.2022 12:20
707;YEŞİLHİSAR;154 kV BANK A;KAYSERI;11. Bölge Müdürlüğü;154;PQ;;false;false;YÜK TEVZİ BİLGİ SİSTEMİ;01.02.2022 12:20
706;YEŞİLHİSAR;400 kV ATATÜRK HES GÜNEY;KAYSERI;11. Bölge Müdürlüğü;380;PQ;;false;false;YÜK TEVZİ BİLGİ SİSTEMİ;01.02.2022 12:20
331;YEŞİLHİSAR;400 kV ATATÜRK HES KUZEY;KAYSERI;11. Bölge Müdürlüğü;380;PQ;;true;true;YÜK TEVZİ BİLGİ SİSTEMİ;01.02.2022 12:20
330;YEŞİLHİSAR;400 kV TEMELLİ HAT1;KAYSERI;11. Bölge Müdürlüğü;380;PQ;;true;true;YÜK TEVZİ BİLGİ SİSTEMİ;19.06.2023 00:44
926;YILDIZ;154 kV İMRAHOR;ANKARA;8. Bölge Müdürlüğü;154;PQ;;false;false;YÜK TEVZİ BİLGİ SİSTEMİ;01.02.2022 12:20
927;YILDIZ;154 kV İNCEK;ANKARA;8. Bölge Müdürlüğü;154;PQ;;false;false;YÜK TEVZİ BİLGİ SİSTEMİ;15.07.2024 00:44
924;YILDIZ;33 kV TRANSFORMATÖR A;ANKARA;8. Bölge Müdürlüğü;33;PQ;;true;true;YÜK TEVZİ BİLGİ SİSTEMİ;04.07.2022 00:44
925;YILDIZ;33 kV TRANSFORMATÖR B;ANKARA;8. Bölge Müdürlüğü;33;PQ;;true;true;YÜK TEVZİ BİLGİ SİSTEMİ;04.07.2022 00:44
1312;YUNUS EMRE TES;400 kV TRANSFORMATÖR ;ANKARA;8. Bölge Müdürlüğü;380;PQ;;true;true;YÜK TEVZİ BİLGİ SİSTEMİ;01.02.2022 12:20
1310;YUNUS EMRE TES;400 kV TRANSFORMATÖR GRUP 1;ANKARA;8. Bölge Müdürlüğü;380;PQ;;true;true;YÜK TEVZİ BİLGİ SİSTEMİ;01.02.2022 12:20
1311;YUNUS EMRE TES;400 kV TRANSFORMATÖR GRUP 2;ANKARA;8. Bölge Müdürlüğü;380;PQ;;false;false;YÜK TEVZİ BİLGİ SİSTEMİ;01.02.2022 12:20
