Zaman;Frekans (y1);Gerilim A (y3);Gerilim B (y4);Gerilim C (y5);Akım A (y7);Akım B (y8);Akım C (y9);Aktif Güç (y11);Reaktif Güç (y12);Görünen Güç (y13);y2;y6;y10;y14;y15
10.05.2026 19:38:02;;;;;;;;243,420808;-33,24025;245,715784;;;;;
10.05.2026 19:38:05;;;;;;;;243,805672;-32,546637;246,001624;;;;;
10.05.2026 19:38:08;;;;;;;;243,282384;-33,394127;245,601728;;;;;
10.05.2026 19:38:11;;;;;;;;243,053448;-33,269161;245,35532;;;;;
10.05.2026 19:38:14;;;;;;;;242,045856;-33,224462;244,351696;;;;;
10.05.2026 19:38:17;;;;;;;;242,588512;-32,804241;244,827824;;;;;
10.05.2026 19:38:20;;;;;;;;242,502632;-32,041096;244,641736;;;;;
10.05.2026 19:38:23;;;;;;;;242,884408;-32,22655;245,045728;;;;;
10.05.2026 19:38:26;;;;;;;;245,027616;-31,073222;247,024064;;;;;
10.05.2026 19:38:29;;;;;;;;244,11564;-32,132288;246,255768;;;;;
10.05.2026 19:38:32;;;;;;;;242,51476;-31,894754;244,638776;;;;;
10.05.2026 19:38:35;;;;;;;;240,236456;-32,799006;242,499568;;;;;
10.05.2026 19:38:38;;;;;;;;240,11032;-32,528483;242,335952;;;;;
10.05.2026 19:38:41;;;;;;;;240,594976;-33,264926;242,91636;;;;;
10.05.2026 19:38:44;;;;;;;;240,434856;-32,743234;242,68688;;;;;
10.05.2026 19:38:47;;;;;;;;240,135456;-32,793455;242,397968;;;;;
10.05.2026 19:38:50;;;;;;;;240,46192;-32,054594;242,620896;;;;;
10.05.2026 19:38:53;;;;;;;;240,601;-32,415829;242,808304;;;;;
10.05.2026 19:38:56;;;;;;;;242,463072;-31,281965;244,504408;;;;;
10.05.2026 19:38:59;;;;;;;;243,000696;-31,809899;245,106;;;;;
10.05.2026 19:39:02;;;;;;;;241,782536;-32,456255;243,984904;;;;;
10.05.2026 19:39:05;;;;;;;;241,733352;-32,734801;243,974384;;;;;
10.05.2026 19:39:08;;;;;;;;241,933352;-32,734324;244,170096;;;;;
10.05.2026 19:39:11;;;;;;;;241,574648;-33,431667;243,90984;;;;;
10.05.2026 19:39:14;;;;;;;;242,507008;-33,880752;244,891784;;;;;
10.05.2026 19:39:17;;;;;;;;242,153904;-34,042216;244,56632;;;;;
10.05.2026 19:39:20;;;;;;;;241,922816;-34,108215;244,345056;;;;;
10.05.2026 19:39:23;;;;;;;;243,253664;-33,669699;245,604792;;;;;
10.05.2026 19:39:26;;;;;;;;242,993264;-33,440117;245,314696;;;;;
10.05.2026 19:39:29;;;;;;;;242,62536;-33,363851;244,941904;;;;;
10.05.2026 19:39:32;;;;;;;;240,137704;-33,906851;242,554456;;;;;
10.05.2026 19:39:35;;;;;;;;239,21696;-34,13579;241,677656;;;;;
10.05.2026 19:39:38;;;;;;;;239,528008;-34,073796;241,9774;;;;;
10.05.2026 19:39:41;;;;;;;;240,702368;-34,143287;243,149304;;;;;
10.05.2026 19:39:44;;;;;;;;240,700768;-33,648686;243,078464;;;;;
10.05.2026 19:39:47;;;;;;;;241,116048;-33,604837;243,484336;;;;;
10.05.2026 19:39:50;;;;;;;;241,855664;-32,913368;244,124264;;;;;
10.05.2026 19:39:53;;;;;;;;241,112568;-33,153448;243,419808;;;;;
10.05.2026 19:39:56;;;;;;;;240,113568;-33,456065;242,47068;;;;;
10.05.2026 19:39:59;;;;;;;;239,572624;-32,597439;241,816208;;;;;
10.05.2026 19:40:02;;;;;;;;241,561312;-31,4705;243,64044;;;;;
10.05.2026 19:40:05;;;;;;;;243,495992;-30,3699375;245,420696;;;;;
10.05.2026 19:40:08;;;;;;;;244,96104;-29,3929095;246,75368;;;;;
10.05.2026 19:40:11;;;;;;;;244,795096;-30,0604155;246,667392;;;;;
10.05.2026 19:40:14;;;;;;;;243,630952;-30,441744;245,55944;;;;;
10.05.2026 19:40:17;;;;;;;;241,51112;-31,058461;243,530776;;;;;
10.05.2026 19:40:20;;;;;;;;241,14508;-30,812784;243,13604;;;;;
10.05.2026 19:40:23;;;;;;;;240,982288;-31,120019;243,016248;;;;;
10.05.2026 19:40:26;;;;;;;;241,296512;-30,774644;243,281616;;;;;
10.05.2026 19:40:29;;;;;;;;241,562;-30,36768;243,493288;;;;;
10.05.2026 19:40:32;;;;;;;;241,269104;-30,77373;243,254008;;;;;
10.05.2026 19:40:35;;;;;;;;241,816384;-29,99458;243,699344;;;;;
10.05.2026 19:40:38;;;;;;;;241,509328;-30,527283;243,4608;;;;;
10.05.2026 19:40:41;;;;;;;;243,015672;-30,023228;244,894432;;;;;
10.05.2026 19:40:44;;;;;;;;243,4594;-29,4944;245,273544;;;;;
10.05.2026 19:40:47;;;;;;;;241,719784;-30,966549;243,725152;;;;;
10.05.2026 19:40:50;;;;;;;;241,303144;-30,680122;243,27472;;;;;
10.05.2026 19:40:53;;;;;;;;240,78468;-31,405373;242,855216;;;;;
10.05.2026 19:40:56;;;;;;;;243,0646;-30,148724;244,959456;;;;;
10.05.2026 19:40:59;;;;;;;;241,906464;-29,9099865;243,779816;;;;;
10.05.2026 19:41:02;;;;;;;;240,869792;-31,292054;242,927408;;;;;
10.05.2026 19:41:05;;;;;;;;240,873952;-30,330655;242,806848;;;;;
10.05.2026 19:41:08;;;;;;;;239,546792;-32,218548;241,737552;;;;;
10.05.2026 19:41:11;;;;;;;;239,98296;-31,007596;242,009304;;;;;
10.05.2026 19:41:14;;;;;;;;238,905504;-31,18659;240,95932;;;;;
10.05.2026 19:41:17;;;;;;;;238,773064;-30,432684;240,729568;;;;;
10.05.2026 19:41:20;;;;;;;;238,831712;-31,251269;240,894752;;;;;
10.05.2026 19:41:23;;;;;;;;239,752096;-30,175729;241,670024;;;;;
10.05.2026 19:41:26;;;;;;;;240,107056;-29,8791885;241,986336;;;;;
10.05.2026 19:41:29;;;;;;;;240,225848;-29,345686;242,039008;;;;;
10.05.2026 19:41:32;;;;;;;;239,764864;-30,095883;241,673944;;;;;
10.05.2026 19:41:35;;;;;;;;239,382672;-29,7252635;241,247776;;;;;
10.05.2026 19:41:38;;;;;;;;239,9804;-30,030968;241,879864;;;;;
10.05.2026 19:41:41;;;;;;;;241,738936;-29,020237;243,502192;;;;;
10.05.2026 19:41:44;;;;;;;;241,355816;-29,370701;243,166312;;;;;
10.05.2026 19:41:47;;;;;;;;240,238592;-29,963105;242,133232;;;;;
10.05.2026 19:41:50;;;;;;;;239,71812;-30,1569345;241,640528;;;;;
10.05.2026 19:41:53;;;;;;;;240,39744;-30,08504;242,30456;;;;;
10.05.2026 19:41:56;;;;;;;;240,764656;-29,205603;242,561064;;;;;
10.05.2026 19:41:59;;;;;;;;240,67812;-29,892122;242,557352;;;;;
10.05.2026 19:42:02;;;;;;;;240,633352;-30,280619;242,561824;;;;;
10.05.2026 19:42:05;;;;;;;;241,257176;-29,942575;243,139192;;;;;
10.05.2026 19:42:08;;;;;;;;243,767528;-29,3315215;245,556904;;;;;
10.05.2026 19:42:11;;;;;;;;243,074064;-29,643037;244,907544;;;;;
10.05.2026 19:42:14;;;;;;;;241,976136;-30,0312795;243,865248;;;;;
10.05.2026 19:42:17;;;;;;;;241,475888;-30,1635355;243,388696;;;;;
10.05.2026 19:42:20;;;;;;;;240,852808;-30,3785325;242,797544;;;;;
10.05.2026 19:42:23;;;;;;;;240,791152;-29,8927055;242,674328;;;;;
10.05.2026 19:42:26;;;;;;;;241,580912;-29,612119;243,424264;;;;;
10.05.2026 19:42:29;;;;;;;;241,910424;-30,294396;243,83736;;;;;
10.05.2026 19:42:32;;;;;;;;241,896616;-29,7986355;243,760552;;;;;
10.05.2026 19:42:35;;;;;;;;242,348112;-30,1893775;244,256136;;;;;
10.05.2026 19:42:38;;;;;;;;243,164744;-29,098488;244,935296;;;;;
10.05.2026 19:42:41;;;;;;;;241,777992;-30,1526685;243,68616;;;;;
10.05.2026 19:42:44;;;;;;;;241,324984;-30,432352;243,26864;;;;;
10.05.2026 19:42:47;;;;;;;;240,862248;-31,166107;242,902448;;;;;
10.05.2026 19:42:50;;;;;;;;241,85876;-31,31417;243,909504;;;;;
10.05.2026 19:42:53;;;;;;;;242,04112;-32,057305;244,19024;;;;;
10.05.2026 19:42:56;;;;;;;;242,88616;-31,429395;244,944072;;;;;
10.05.2026 19:42:59;;;;;;;;242,614832;-32,485459;244,815416;;;;;
10.05.2026 19:43:02;;;;;;;;242,94292;-32,578153;245,1518;;;;;
10.05.2026 19:43:05;;;;;;;;243,224304;-32,520177;245,424992;;;;;
10.05.2026 19:43:08;;;;;;;;243,523968;-32,454097;245,712896;;;;;
10.05.2026 19:43:11;;;;;;;;244,549128;-31,856921;246,650168;;;;;
10.05.2026 19:43:14;;;;;;;;245,414336;-31,598137;247,476648;;;;;
10.05.2026 19:43:17;;;;;;;;245,260112;-31,489536;247,317112;;;;;
10.05.2026 19:43:20;;;;;;;;245,195608;-31,310974;247,23308;;;;;
10.05.2026 19:43:23;;;;;;;;244,246848;-31,3611815;246,299104;;;;;
10.05.2026 19:43:26;;;;;;;;244,083992;-32,001737;246,220608;;;;;
10.05.2026 19:43:29;;;;;;;;244,696496;-32,212202;246,853848;;;;;
10.05.2026 19:43:32;;;;;;;;244,25148;-33,267587;246,552848;;;;;
10.05.2026 19:43:35;;;;;;;;243,707376;-33,290344;246,021808;;;;;
10.05.2026 19:43:38;;;;;;;;243,648536;-33,727858;246,018592;;;;;
10.05.2026 19:43:41;;;;;;;;243,411376;-34,207804;245,847944;;;;;
10.05.2026 19:43:44;;;;;;;;243,248856;-35,016587;245,800736;;;;;
10.05.2026 19:43:47;;;;;;;;243,350872;-34,668495;245,85376;;;;;
10.05.2026 19:43:50;;;;;;;;243,535976;-34,806661;246,060368;;;;;
10.05.2026 19:43:53;;;;;;;;244,874792;-34,660163;247,366736;;;;;
10.05.2026 19:43:56;;;;;;;;245,841984;-34,265626;248,267112;;;;;
10.05.2026 19:43:59;;;;;;;;245,423528;-35,033987;247,957928;;;;;
10.05.2026 19:44:02;;;;;;;;245,011776;-35,253198;247,5804;;;;;
10.05.2026 19:44:05;;;;;;;;245,563368;-34,373397;248,0014;;;;;
10.05.2026 19:44:08;;;;;;;;243,886936;-35,471484;246,501968;;;;;
10.05.2026 19:44:11;;;;;;;;243,42992;-35,336519;246,02488;;;;;
10.05.2026 19:44:14;;;;;;;;243,17492;-35,506339;245,798648;;;;;
10.05.2026 19:44:17;;;;;;;;242,730384;-36,203798;245,46212;;;;;
10.05.2026 19:44:20;;;;;;;;242,820544;-34,767745;245,34444;;;;;
10.05.2026 19:44:23;;;;;;;;242,425032;-36,049331;245,14152;;;;;
10.05.2026 19:44:26;;;;;;;;243,544488;-34,133129;245,971336;;;;;
10.05.2026 19:44:29;;;;;;;;244,040024;-35,174597;246,610768;;;;;
10.05.2026 19:44:32;;;;;;;;245,007528;-34,207927;247,43164;;;;;
10.05.2026 19:44:35;;;;;;;;244,4156;-34,514499;246,88984;;;;;
10.05.2026 19:44:38;;;;;;;;244,7126;-34,29307;247,147056;;;;;
10.05.2026 19:44:41;;;;;;;;245,872592;-34,153919;248,276792;;;;;
10.05.2026 19:44:44;;;;;;;;246,204096;-34,427957;248,64396;;;;;
10.05.2026 19:44:47;;;;;;;;245,317584;-34,355885;247,756928;;;;;
10.05.2026 19:44:50;;;;;;;;244,651696;-34,318904;247,092992;;;;;
10.05.2026 19:44:53;;;;;;;;244,884784;-33,716374;247,240432;;;;;
10.05.2026 19:44:56;;;;;;;;245,07444;-33,949261;247,458584;;;;;
10.05.2026 19:44:59;;;;;;;;246,045128;-33,35657;248,339112;;;;;
10.05.2026 19:45:02;;;;;;;;245,970168;-33,047011;248,22596;;;;;
10.05.2026 19:45:05;;;;;;;;246,234888;-33,209604;248,50868;;;;;
10.05.2026 19:45:08;;;;;;;;245,074112;-33,329301;247,377552;;;;;
10.05.2026 19:45:11;;;;;;;;244,05584;-34,162636;246,482344;;;;;
10.05.2026 19:45:14;;;;;;;;244,766664;-33,289256;247,065152;;;;;
10.05.2026 19:45:17;;;;;;;;245,960656;-33,615466;248,289592;;;;;
10.05.2026 19:45:20;;;;;;;;246,227608;-33,630813;248,558224;;;;;
10.05.2026 19:45:23;;;;;;;;246,009464;-33,453976;248,318176;;;;;
10.05.2026 19:45:26;;;;;;;;245,847776;-34,325025;248,27916;;;;;
10.05.2026 19:45:29;;;;;;;;245,912896;-33,882149;248,28176;;;;;
10.05.2026 19:45:32;;;;;;;;246,393144;-33,262884;248,673264;;;;;
10.05.2026 19:45:35;;;;;;;;246,687824;-33,141204;248,94904;;;;;
10.05.2026 19:45:38;;;;;;;;247,474632;-32,088804;249,59056;;;;;
10.05.2026 19:45:41;;;;;;;;247,538584;-32,753625;249,741728;;;;;
10.05.2026 19:45:44;;;;;;;;247,784944;-32,46413;249,944824;;;;;
10.05.2026 19:45:47;;;;;;;;247,625864;-32,396227;249,779184;;;;;
10.05.2026 19:45:50;;;;;;;;248,306768;-31,564086;250,350408;;;;;
10.05.2026 19:45:53;;;;;;;;247,483648;-31,670795;249,547008;;;;;
10.05.2026 19:45:56;;;;;;;;245,90808;-31,91665;248,015264;;;;;
10.05.2026 19:45:59;;;;;;;;245,08776;-32,655315;247,300688;;;;;
10.05.2026 19:46:02;;;;;;;;245,752016;-32,13999;247,891336;;;;;
10.05.2026 19:46:05;;;;;;;;246,159704;-31,727407;248,239952;;;;;
10.05.2026 19:46:08;;;;;;;;247,120304;-31,267359;249,131848;;;;;
10.05.2026 19:46:11;;;;;;;;247,41848;-31,181852;249,418568;;;;;
10.05.2026 19:46:14;;;;;;;;248,49148;-30,586632;250,408656;;;;;
10.05.2026 19:46:17;;;;;;;;248,812664;-31,468882;250,837648;;;;;
10.05.2026 19:46:20;;;;;;;;248,686136;-31,186898;250,676688;;;;;
10.05.2026 19:46:23;;;;;;;;247,832648;-32,888821;250,04964;;;;;
10.05.2026 19:46:26;;;;;;;;249,12028;-31,711342;251,172376;;;;;
10.05.2026 19:46:29;;;;;;;;248,5376;-30,8978855;250,495;;;;;
10.05.2026 19:46:32;;;;;;;;247,51;-31,485551;249,55024;;;;;
10.05.2026 19:46:35;;;;;;;;248,363768;-31,4018095;250,386304;;;;;
10.05.2026 19:46:38;;;;;;;;248,683512;-31,48007;250,711088;;;;;
10.05.2026 19:46:41;;;;;;;;248,570768;-31,19168;250,56632;;;;;
10.05.2026 19:46:44;;;;;;;;249,040744;-30,651744;250,965696;;;;;
10.05.2026 19:46:47;;;;;;;;247,916136;-31,4851015;249,954808;;;;;
10.05.2026 19:46:50;;;;;;;;246,977304;-31,759311;249,054568;;;;;
10.05.2026 19:46:53;;;;;;;;246,707952;-32,709246;248,91;;;;;
10.05.2026 19:46:56;;;;;;;;246,72464;-32,282569;248,872552;;;;;
10.05.2026 19:46:59;;;;;;;;246,54372;-32,709458;248,744776;;;;;
10.05.2026 19:47:02;;;;;;;;248,195264;-31,333305;250,20684;;;;;
10.05.2026 19:47:05;;;;;;;;248,36212;-32,216664;250,482544;;;;;
10.05.2026 19:47:08;;;;;;;;248,110048;-31,379479;250,125824;;;;;
10.05.2026 19:47:11;;;;;;;;247,3432;-32,705053;249,53692;;;;;
10.05.2026 19:47:14;;;;;;;;248,524792;-31,55672;250,560624;;;;;
10.05.2026 19:47:17;;;;;;;;247,3072;-32,2468;249,444776;;;;;
10.05.2026 19:47:20;;;;;;;;247,638896;-32,388559;249,790352;;;;;
10.05.2026 19:47:23;;;;;;;;247,637112;-31,795818;249,713536;;;;;
10.05.2026 19:47:26;;;;;;;;246,424136;-31,746596;248,506496;;;;;
10.05.2026 19:47:29;;;;;;;;246,024576;-31,807096;248,116192;;;;;
10.05.2026 19:47:32;;;;;;;;246,751712;-31,105711;248,749752;;;;;
10.05.2026 19:47:35;;;;;;;;247,698216;-31,078925;249,687264;;;;;
10.05.2026 19:47:38;;;;;;;;248,264216;-30,7141845;250,202688;;;;;
10.05.2026 19:47:41;;;;;;;;247,651096;-30,7479205;249,600152;;;;;
10.05.2026 19:47:44;;;;;;;;246,778856;-31,743612;248,860544;;;;;
10.05.2026 19:47:47;;;;;;;;246,906096;-32,000123;249,016776;;;;;
10.05.2026 19:47:50;;;;;;;;247,01512;-32,298333;249,1642;;;;;
10.05.2026 19:47:53;;;;;;;;247,804632;-31,5098765;249,845176;;;;;
10.05.2026 19:47:56;;;;;;;;247,275736;-31,792872;249,356544;;;;;
10.05.2026 19:47:59;;;;;;;;246,838584;-31,366299;248,869648;;;;;
10.05.2026 19:48:02;;;;;;;;245,683384;-32,333696;247,848088;;;;;
10.05.2026 19:48:05;;;;;;;;245,389096;-31,565124;247,454936;;;;;
10.05.2026 19:48:08;;;;;;;;246,219744;-31,97091;248,333272;;;;;
10.05.2026 19:48:11;;;;;;;;246,458872;-31,313223;248,479848;;;;;
10.05.2026 19:48:14;;;;;;;;246,27684;-31,312892;248,2926;;;;;
10.05.2026 19:48:17;;;;;;;;246,345424;-31,085336;248,332224;;;;;
10.05.2026 19:48:20;;;;;;;;245,898432;-31,839723;247,983544;;;;;
10.05.2026 19:48:23;;;;;;;;245,776544;-32,365777;247,929336;;;;;
10.05.2026 19:48:26;;;;;;;;246,40584;-32,05686;248,514608;;;;;
10.05.2026 19:48:29;;;;;;;;246,497728;-32,53088;248,668152;;;;;
10.05.2026 19:48:32;;;;;;;;246,772352;-32,392473;248,924424;;;;;
10.05.2026 19:48:35;;;;;;;;247,368224;-32,628654;249,544624;;;;;
10.05.2026 19:48:38;;;;;;;;247,429736;-32,13853;249,541272;;;;;
10.05.2026 19:48:41;;;;;;;;247,770816;-32,171531;249,882568;;;;;
10.05.2026 19:48:44;;;;;;;;248,616768;-32,151214;250,716928;;;;;
10.05.2026 19:48:47;;;;;;;;249,499296;-32,60936;251,650584;;;;;
10.05.2026 19:48:50;;;;;;;;251,169904;-31,592505;253,178024;;;;;
10.05.2026 19:48:53;;;;;;;;250,202328;-32,174486;252,293184;;;;;
10.05.2026 19:48:56;;;;;;;;249,914744;-31,572592;251,928144;;;;;
10.05.2026 19:48:59;;;;;;;;250,639744;-31,527347;252,64356;;;;;
10.05.2026 19:49:02;;;;;;;;248,9762;-31,928136;251,04476;;;;;
10.05.2026 19:49:05;;;;;;;;248,543416;-31,792022;250,597896;;;;;
10.05.2026 19:49:08;;;;;;;;247,181888;-31,722851;249,242528;;;;;
10.05.2026 19:49:11;;;;;;;;246,31944;-32,222432;248,452264;;;;;
10.05.2026 19:49:14;;;;;;;;247,11516;-31,691203;249,173304;;;;;
10.05.2026 19:49:17;;;;;;;;247,806936;-32,382647;249,947416;;;;;
10.05.2026 19:49:20;;;;;;;;247,88368;-32,708693;250,066736;;;;;
10.05.2026 19:49:23;;;;;;;;247,75264;-32,860248;249,958504;;;;;
10.05.2026 19:49:26;;;;;;;;248,06848;-33,203763;250,320168;;;;;
10.05.2026 19:49:29;;;;;;;;247,720984;-34,051506;250,08868;;;;;
10.05.2026 19:49:32;;;;;;;;247,158248;-33,929825;249,5138;;;;;
10.05.2026 19:49:35;;;;;;;;246,593528;-34,58025;249,046064;;;;;
10.05.2026 19:49:38;;;;;;;;246,366544;-34,328674;248,784112;;;;;
10.05.2026 19:49:41;;;;;;;;246,302368;-34,543609;248,750784;;;;;
10.05.2026 19:49:44;;;;;;;;247,59112;-35,259968;250,130544;;;;;
10.05.2026 19:49:47;;;;;;;;247,331976;-35,611399;249,922112;;;;;
10.05.2026 19:49:50;;;;;;;;246,629464;-35,730764;249,248792;;;;;
10.05.2026 19:49:53;;;;;;;;246,22644;-35,47009;248,814672;;;;;
10.05.2026 19:49:56;;;;;;;;246,131944;-36,133256;248,816288;;;;;
10.05.2026 19:49:59;;;;;;;;245,930488;-36,183205;248,623016;;;;;
10.05.2026 19:50:02;;;;;;;;246,298712;-35,60934;248,903576;;;;;
10.05.2026 19:50:05;;;;;;;;246,401256;-34,97561;248,914568;;;;;
10.05.2026 19:50:08;;;;;;;;245,71164;-35,291378;248,27732;;;;;
10.05.2026 19:50:11;;;;;;;;246,234688;-34,003847;248,614888;;;;;
10.05.2026 19:50:14;;;;;;;;245,81472;-35,503068;248,412056;;;;;
10.05.2026 19:50:17;;;;;;;;246,342872;-35,285545;248,895048;;;;;
10.05.2026 19:50:20;;;;;;;;246,81984;-34,277928;249,230976;;;;;
10.05.2026 19:50:23;;;;;;;;246,07236;-34,933928;248,581512;;;;;
10.05.2026 19:50:26;;;;;;;;245,89284;-35,326687;248,458744;;;;;
10.05.2026 19:50:29;;;;;;;;245,715192;-35,834613;248,356288;;;;;
10.05.2026 19:50:32;;;;;;;;247,017192;-35,573033;249,613376;;;;;
10.05.2026 19:50:35;;;;;;;;249,795568;-33,868497;252,121664;;;;;
10.05.2026 19:50:38;;;;;;;;250,717552;-32,778642;252,89492;;;;;
10.05.2026 19:50:41;;;;;;;;248,952768;-31,618165;250,993;;;;;
10.05.2026 19:50:44;;;;;;;;247,221528;-32,648955;249,40624;;;;;
10.05.2026 19:50:47;;;;;;;;246,276448;-32,042233;248,39124;;;;;
10.05.2026 19:50:49;;;;;;;;246,401464;-32,434572;248,566976;;;;;
10.05.2026 19:50:52;;;;;;;;246,761176;-31,410278;248,791864;;;;;
10.05.2026 19:50:55;;;;;;;;247,832888;-31,307388;249,8424;;;;;
10.05.2026 19:50:58;;;;;;;;247,23224;-31,211699;249,231848;;;;;
10.05.2026 19:51:01;;;;;;;;246,753848;-30,58882;248,677608;;;;;
10.05.2026 19:51:04;;;;;;;;246,889064;-29,767442;248,711856;;;;;
10.05.2026 19:51:07;;;;;;;;247,546656;-28,6825195;249,236608;;;;;
10.05.2026 19:51:10;;;;;;;;248,01844;-28,0041145;249,62932;;;;;
10.05.2026 19:51:13;;;;;;;;247,647696;-28,1610595;249,276392;;;;;
10.05.2026 19:51:16;;;;;;;;247,844504;-26,88004;249,329936;;;;;
10.05.2026 19:51:19;;;;;;;;247,808216;-26,665519;249,27356;;;;;
10.05.2026 19:51:22;;;;;;;;249,286872;-25,231648;250,596208;;;;;
10.05.2026 19:51:25;;;;;;;;248,926504;-24,8627465;250,203648;;;;;
10.05.2026 19:51:28;;;;;;;;248,992312;-24,1602905;250,20068;;;;;
10.05.2026 19:51:31;;;;;;;;248,465008;-23,4437275;249,608296;;;;;
10.05.2026 19:51:34;;;;;;;;249,082976;-23,3567585;250,21516;;;;;
10.05.2026 19:51:37;;;;;;;;248,918984;-22,892649;250,00924;;;;;
10.05.2026 19:51:40;;;;;;;;248,776288;-23,5542135;249,928048;;;;;
10.05.2026 19:51:43;;;;;;;;250,433032;-22,51547;251,47984;;;;;
10.05.2026 19:51:46;;;;;;;;250,747552;-22,431185;251,785424;;;;;
10.05.2026 19:51:49;;;;;;;;250,972336;-22,197766;251,988936;;;;;
10.05.2026 19:51:52;;;;;;;;250,746056;-22,733391;251,811136;;;;;
10.05.2026 19:51:55;;;;;;;;250,328216;-22,7452;251,395;;;;;
10.05.2026 19:51:58;;;;;;;;251,299392;-22,776666;252,363384;;;;;
10.05.2026 19:52:01;;;;;;;;251,782888;-22,766392;252,843992;;;;;
10.05.2026 19:52:04;;;;;;;;251,662432;-23,30439;252,770264;;;;;
10.05.2026 19:52:07;;;;;;;;251,018544;-24,368121;252,233456;;;;;
10.05.2026 19:52:10;;;;;;;;251,20684;-24,5333795;252,435152;;;;;
10.05.2026 19:52:13;;;;;;;;250,651248;-25,0903035;251,938384;;;;;
10.05.2026 19:52:16;;;;;;;;250,906392;-25,3600965;252,220272;;;;;
10.05.2026 19:52:19;;;;;;;;251,12748;-25,5843565;252,463944;;;;;
10.05.2026 19:52:22;;;;;;;;251,316856;-25,9771575;252,69408;;;;;
10.05.2026 19:52:25;;;;;;;;251,770792;-25,269897;253,075512;;;;;
10.05.2026 19:52:28;;;;;;;;251,372264;-25,6938415;252,721816;;;;;
10.05.2026 19:52:31;;;;;;;;251,172248;-26,4242925;252,598768;;;;;
10.05.2026 19:52:34;;;;;;;;251,693848;-27,5424295;253,235584;;;;;
10.05.2026 19:52:37;;;;;;;;252,626648;-25,692215;253,968888;;;;;
10.05.2026 19:52:40;;;;;;;;253,620064;-26,326801;255,023984;;;;;
10.05.2026 19:52:43;;;;;;;;254,4554;-26,192889;255,838712;;;;;
10.05.2026 19:52:46;;;;;;;;254,454856;-26,3620525;255,855104;;;;;
10.05.2026 19:52:49;;;;;;;;254,218296;-26,653749;255,649192;;;;;
10.05.2026 19:52:52;;;;;;;;253,804432;-27,5106755;255,331384;;;;;
10.05.2026 19:52:55;;;;;;;;254,885976;-26,9468425;256,344904;;;;;
10.05.2026 19:52:58;;;;;;;;253,659816;-26,876311;255,120256;;;;;
10.05.2026 19:53:01;;;;;;;;252,818144;-28,3116375;254,435768;;;;;
10.05.2026 19:53:04;;;;;;;;254,005208;-27,5307595;255,527008;;;;;
10.05.2026 19:53:07;;;;;;;;253,468128;-28,708656;255,1208;;;;;
10.05.2026 19:53:10;;;;;;;;253,7442;-28,6926745;255,39412;;;;;
10.05.2026 19:53:13;;;;;;;;254,295224;-28,4462855;255,91484;;;;;
10.05.2026 19:53:16;;;;;;;;254,017048;-29,3349745;255,739248;;;;;
10.05.2026 19:53:19;;;;;;;;254,306048;-29,026346;255,990744;;;;;
10.05.2026 19:53:22;;;;;;;;254,31496;-29,4157115;256,041968;;;;;
10.05.2026 19:53:25;;;;;;;;254,485832;-28,671499;256,125592;;;;;
10.05.2026 19:53:28;;;;;;;;254,983312;-28,4152145;256,596896;;;;;
10.05.2026 19:53:31;;;;;;;;256,650336;-28,489711;258,259064;;;;;
10.05.2026 19:53:34;;;;;;;;255,776688;-29,147163;257,463648;;;;;
10.05.2026 19:53:37;;;;;;;;256,591592;-28,3982915;258,19504;;;;;
10.05.2026 19:53:40;;;;;;;;255,784088;-28,7182015;257,425872;;;;;
10.05.2026 19:53:43;;;;;;;;255,18632;-27,6153915;256,70808;;;;;
10.05.2026 19:53:46;;;;;;;;255,09892;-26,7448105;256,53252;;;;;
10.05.2026 19:53:49;;;;;;;;254,283496;-27,7190925;255,823888;;;;;
10.05.2026 19:53:52;;;;;;;;253,665944;-26,9975935;255,135032;;;;;
10.05.2026 19:53:55;;;;;;;;252,787784;-27,4811045;254,312632;;;;;
10.05.2026 19:53:58;;;;;;;;253,183;-27,439218;254,699616;;;;;
10.05.2026 19:54:01;;;;;;;;252,802672;-27,4249785;254,324384;;;;;
10.05.2026 19:54:04;;;;;;;;251,977632;-27,546717;253,516304;;;;;
10.05.2026 19:54:07;;;;;;;;251,477504;-28,476904;253,124984;;;;;
10.05.2026 19:54:10;;;;;;;;251,69524;-28,334177;253,325504;;;;;
10.05.2026 19:54:13;;;;;;;;251,656744;-28,228959;253,276272;;;;;
10.05.2026 19:54:16;;;;;;;;253,031752;-28,799786;254,707968;;;;;
10.05.2026 19:54:19;;;;;;;;254,45852;-27,764579;256,007872;;;;;
10.05.2026 19:54:22;;;;;;;;253,393376;-28,439144;255,024664;;;;;
10.05.2026 19:54:25;;;;;;;;253,218048;-27,8430725;254,782088;;;;;
10.05.2026 19:54:28;;;;;;;;252,991776;-28,21979;254,599176;;;;;
10.05.2026 19:54:31;;;;;;;;254,34272;-27,7848645;255,896464;;;;;
10.05.2026 19:54:34;;;;;;;;256,44964;-27,395497;257,94508;;;;;
10.05.2026 19:54:37;;;;;;;;255,925408;-28,155361;257,505712;;;;;
10.05.2026 19:54:40;;;;;;;;255,732992;-28,406254;257,34292;;;;;
10.05.2026 19:54:43;;;;;;;;255,99116;-27,8366605;257,536408;;;;;
10.05.2026 19:54:46;;;;;;;;254,695592;-29,5126005;256,438904;;;;;
10.05.2026 19:54:49;;;;;;;;254,725536;-28,8678565;256,393408;;;;;
10.05.2026 19:54:52;;;;;;;;254,812584;-29,534313;256,553496;;;;;
10.05.2026 19:54:55;;;;;;;;255,076904;-29,0789655;256,763496;;;;;
10.05.2026 19:54:58;;;;;;;;255,742192;-28,4786585;257,358648;;;;;
10.05.2026 19:55:01;;;;;;;;255,058928;-28,1533385;256,6414;;;;;
10.05.2026 19:55:04;;;;;;;;255,5904;-27,671996;257,116792;;;;;
10.05.2026 19:55:07;;;;;;;;255,13208;-27,6475535;256,656736;;;;;
10.05.2026 19:55:10;;;;;;;;254,567736;-27,363118;256,064944;;;;;
10.05.2026 19:55:13;;;;;;;;254,237528;-27,5052465;255,752072;;;;;
10.05.2026 19:55:16;;;;;;;;254,22192;-27,1101335;255,69472;;;;;
10.05.2026 19:55:19;;;;;;;;254,237912;-26,975228;255,6972;;;;;
10.05.2026 19:55:22;;;;;;;;253,617688;-27,160314;255,098168;;;;;
10.05.2026 19:55:25;;;;;;;;253,017216;-27,6270335;254,555584;;;;;
10.05.2026 19:55:28;;;;;;;;252,422184;-28,393799;254,0508;;;;;
10.05.2026 19:55:31;;;;;;;;252,910848;-28,494452;254,5504;;;;;
10.05.2026 19:55:34;;;;;;;;253,209168;-28,068716;254,798424;;;;;
10.05.2026 19:55:37;;;;;;;;252,763088;-28,353995;254,385856;;;;;
10.05.2026 19:55:40;;;;;;;;253,478672;-28,0971815;255,068032;;;;;
10.05.2026 19:55:43;;;;;;;;253,95348;-28,162619;255,547368;;;;;
10.05.2026 19:55:46;;;;;;;;253,26624;-28,4127425;254,89256;;;;;
10.05.2026 19:55:49;;;;;;;;253,00852;-27,6213015;254,548712;;;;;
10.05.2026 19:55:52;;;;;;;;253,16944;-28,223674;254,774112;;;;;
10.05.2026 19:55:55;;;;;;;;255,025896;-27,254382;256,518144;;;;;
10.05.2026 19:55:58;;;;;;;;256,119464;-27,4146885;257,617288;;;;;
10.05.2026 19:56:01;;;;;;;;256,828344;-27,996408;258,385216;;;;;
10.05.2026 19:56:04;;;;;;;;257,803056;-27,929789;259,34232;;;;;
10.05.2026 19:56:07;;;;;;;;255,953704;-28,5335955;257,57152;;;;;
10.05.2026 19:56:10;;;;;;;;254,442296;-29,242863;256,148336;;;;;
10.05.2026 19:56:13;;;;;;;;254,207656;-30,178502;256,024032;;;;;
10.05.2026 19:56:16;;;;;;;;253,991968;-29,144963;255,690368;;;;;
10.05.2026 19:56:19;;;;;;;;254,004608;-29,721998;255,768512;;;;;
10.05.2026 19:56:22;;;;;;;;254,672536;-29,008853;256,354032;;;;;
10.05.2026 19:56:25;;;;;;;;255,051888;-29,5122275;256,7858;;;;;
10.05.2026 19:56:28;;;;;;;;255,402728;-28,8445245;257,059096;;;;;
10.05.2026 19:56:31;;;;;;;;255,702376;-28,658807;257,335432;;;;;
10.05.2026 19:56:34;;;;;;;;254,847688;-28,801947;256,50292;;;;;
10.05.2026 19:56:37;;;;;;;;255,973824;-28,359722;257,573848;;;;;
10.05.2026 19:56:40;;;;;;;;255,858544;-29,141212;257,552232;;;;;
10.05.2026 19:56:43;;;;;;;;255,129536;-29,23415;256,835912;;;;;
10.05.2026 19:56:46;;;;;;;;256,350392;-28,8007445;257,997672;;;;;
10.05.2026 19:56:49;;;;;;;;254,434576;-28,0920285;256,015904;;;;;
10.05.2026 19:56:52;;;;;;;;254,159992;-29,4987915;255,904344;;;;;
10.05.2026 19:56:55;;;;;;;;254,528344;-29,3891745;256,25696;;;;;
10.05.2026 19:56:58;;;;;;;;253,816352;-29,406243;255,550944;;;;;
10.05.2026 19:57:01;;;;;;;;253,065584;-29,249487;254,788248;;;;;
10.05.2026 19:57:04;;;;;;;;252,557344;-29,3939735;254,300032;;;;;
10.05.2026 19:57:07;;;;;;;;252,343872;-29,014731;254,045328;;;;;
10.05.2026 19:57:10;;;;;;;;252,982296;-29,3951225;254,722264;;;;;
10.05.2026 19:57:13;;;;;;;;253,425248;-29,7622175;255,203736;;;;;
10.05.2026 19:57:16;;;;;;;;254,32308;-29,298357;256,042432;;;;;
10.05.2026 19:57:19;;;;;;;;254,789672;-29,1519785;256,49104;;;;;
10.05.2026 19:57:22;;;;;;;;254,152768;-30,142156;255,97076;;;;;
10.05.2026 19:57:25;;;;;;;;253,857472;-29,6355425;255,618848;;;;;
10.05.2026 19:57:28;;;;;;;;255,291256;-29,50808;257,02984;;;;;
10.05.2026 19:57:31;;;;;;;;255,793824;-29,2777025;257,50312;;;;;
10.05.2026 19:57:34;;;;;;;;255,457504;-29,115785;257,148504;;;;;
10.05.2026 19:57:37;;;;;;;;254,5302;-30,141267;256,347056;;;;;
10.05.2026 19:57:40;;;;;;;;254,178792;-30,0325515;255,985608;;;;;
10.05.2026 19:57:43;;;;;;;;254,70928;-29,552912;256,455112;;;;;
10.05.2026 19:57:46;;;;;;;;254,552008;-28,7088465;256,203488;;;;;
10.05.2026 19:57:49;;;;;;;;253,993464;-29,72594;255,766624;;;;;
10.05.2026 19:57:52;;;;;;;;254,636768;-28,8633625;256,304744;;;;;
10.05.2026 19:57:55;;;;;;;;253,447936;-29,7795565;255,228376;;;;;
10.05.2026 19:57:58;;;;;;;;254,601424;-29,1773625;256,306208;;;;;
10.05.2026 19:58:01;;;;;;;;255,324464;-28,684656;256,967632;;;;;
10.05.2026 19:58:04;;;;;;;;254,891728;-28,281404;256,493888;;;;;
10.05.2026 19:58:07;;;;;;;;255,049768;-29,0342375;256,734624;;;;;
10.05.2026 19:58:10;;;;;;;;254,719936;-28,9533175;256,398;;;;;
10.05.2026 19:58:13;;;;;;;;255,221032;-29,1483555;256,918152;;;;;
10.05.2026 19:58:16;;;;;;;;255,935968;-28,180857;257,522328;;;;;
10.05.2026 19:58:19;;;;;;;;255,311568;-28,1741715;256,902488;;;;;
10.05.2026 19:58:22;;;;;;;;254,4804;-28,6379885;256,126808;;;;;
10.05.2026 19:58:25;;;;;;;;254,214112;-28,693938;255,869696;;;;;
10.05.2026 19:58:28;;;;;;;;254,434632;-28,78632;256,096208;;;;;
10.05.2026 19:58:31;;;;;;;;254,657392;-28,7056645;256,306472;;;;;
10.05.2026 19:58:34;;;;;;;;254,975216;-28,3927915;256,587008;;;;;
10.05.2026 19:58:37;;;;;;;;254,936968;-28,3396285;256,546632;;;;;
10.05.2026 19:58:40;;;;;;;;254,486616;-28,4632095;256,110704;;;;;
10.05.2026 19:58:43;;;;;;;;254,253656;-28,7293465;255,909272;;;;;
10.05.2026 19:58:46;;;;;;;;254,020232;-29,4668475;255,760768;;;;;
10.05.2026 19:58:49;;;;;;;;254,448824;-29,963814;256,24528;;;;;
10.05.2026 19:58:52;;;;;;;;254,96212;-29,54131;256,705552;;;;;
10.05.2026 19:58:55;;;;;;;;254,365136;-29,5078825;256,107272;;;;;
10.05.2026 19:58:58;;;;;;;;253,712304;-28,8918325;255,38936;;;;;
10.05.2026 19:59:01;;;;;;;;253,09392;-29,6645945;254,864208;;;;;
10.05.2026 19:59:04;;;;;;;;252,74168;-29,8270765;254,532952;;;;;
10.05.2026 19:59:07;;;;;;;;253,091784;-29,849834;254,886008;;;;;
10.05.2026 19:59:10;;;;;;;;253,784608;-28,9723705;255,471128;;;;;
10.05.2026 19:59:13;;;;;;;;253,81948;-28,811498;255,491192;;;;;
10.05.2026 19:59:16;;;;;;;;253,756888;-29,198965;255,4718;;;;;
10.05.2026 19:59:19;;;;;;;;254,172472;-28,973181;255,85792;;;;;
10.05.2026 19:59:22;;;;;;;;254,19268;-28,6502635;255,842536;;;;;
10.05.2026 19:59:25;;;;;;;;254,558512;-28,9399965;256,239816;;;;;
10.05.2026 19:59:28;;;;;;;;255,118168;-28,5473255;256,750784;;;;;
10.05.2026 19:59:31;;;;;;;;254,98888;-28,7278625;256,641496;;;;;
10.05.2026 19:59:34;;;;;;;;255,701272;-28,5357605;257,326872;;;;;
10.05.2026 19:59:37;;;;;;;;256,315408;-28,4447185;257,929272;;;;;
10.05.2026 19:59:40;;;;;;;;257,28676;-28,7062405;258,923432;;;;;
10.05.2026 19:59:43;;;;;;;;257,857368;-28,4198415;259,461792;;;;;
10.05.2026 19:59:46;;;;;;;;258,0374;-29,152499;259,721792;;;;;
10.05.2026 19:59:49;;;;;;;;257,41332;-29,3400265;259,122136;;;;;
10.05.2026 19:59:52;;;;;;;;255,878256;-30,6690845;257,751416;;;;;
10.05.2026 19:59:55;;;;;;;;258,184328;-30,2538755;259,994376;;;;;
10.05.2026 19:59:58;;;;;;;;257,596928;-31,229958;259,526528;;;;;
10.05.2026 20:00:01;;;;;;;;256,945656;-31,77252;258,94632;;;;;
10.05.2026 20:00:04;;;;;;;;256,198656;-31,793349;258,206384;;;;;
10.05.2026 20:00:07;;;;;;;;254,897544;-32,287888;256,978304;;;;;
10.05.2026 20:00:10;;;;;;;;254,277288;-31,65402;256,284056;;;;;
10.05.2026 20:00:13;;;;;;;;254,158752;-31,1227955;256,100648;;;;;
10.05.2026 20:00:16;;;;;;;;254,166584;-31,423658;256,144752;;;;;
10.05.2026 20:00:19;;;;;;;;254,476048;-31,16144;256,418704;;;;;
10.05.2026 20:00:22;;;;;;;;254,361032;-31,293974;256,3188;;;;;
10.05.2026 20:00:25;;;;;;;;254,775424;-30,1096465;256,588408;;;;;
10.05.2026 20:00:28;;;;;;;;254,85088;-30,6845325;256,73296;;;;;
10.05.2026 20:00:31;;;;;;;;255,852096;-29,245565;257,558232;;;;;
10.05.2026 20:00:34;;;;;;;;255,360032;-29,1954975;257,063968;;;;;
10.05.2026 20:00:37;;;;;;;;255,721152;-28,5819895;257,35404;;;;;
10.05.2026 20:00:40;;;;;;;;256,240216;-29,0772205;257,928488;;;;;
10.05.2026 20:00:43;;;;;;;;255,768232;-28,949779;257,445352;;;;;
10.05.2026 20:00:46;;;;;;;;255,6518;-29,325807;257,373832;;;;;
10.05.2026 20:00:49;;;;;;;;256,181584;-28,9780495;257,856272;;;;;
10.05.2026 20:00:55;;;;;;;;255,039584;-30,224851;256,863304;;;;;
10.05.2026 20:00:58;;;;;;;;255,47556;-29,592112;257,22308;;;;;
10.05.2026 20:01:01;;;;;;;;255,175728;-30,0537245;256,978056;;;;;
10.05.2026 20:01:04;;;;;;;;255,355704;-29,534531;257,097752;;;;;
10.05.2026 20:01:07;;;;;;;;255,41596;-29,314806;257,131904;;;;;
10.05.2026 20:01:10;;;;;;;;256,235768;-29,068544;257,918488;;;;;
10.05.2026 20:01:13;;;;;;;;256,927064;-28,963336;258,59188;;;;;
10.05.2026 20:01:16;;;;;;;;257,255208;-28,806804;258,901112;;;;;
10.05.2026 20:01:19;;;;;;;;257,632672;-29,356231;259,337944;;;;;
10.05.2026 20:01:22;;;;;;;;257,204544;-30,2077615;259,00764;;;;;
10.05.2026 20:01:25;;;;;;;;257,815264;-30,150915;259,607256;;;;;
10.05.2026 20:01:28;;;;;;;;258,2662;-30,500373;260,09908;;;;;
10.05.2026 20:01:31;;;;;;;;259,914576;-29,658172;261,637056;;;;;
10.05.2026 20:01:34;;;;;;;;258,680624;-29,879058;260,436128;;;;;
10.05.2026 20:01:37;;;;;;;;257,943552;-30,038585;259,72364;;;;;
10.05.2026 20:01:40;;;;;;;;257,246424;-29,3923455;258,957368;;;;;
10.05.2026 20:01:43;;;;;;;;257,614936;-30,6892535;259,47152;;;;;
10.05.2026 20:01:46;;;;;;;;258,734728;-29,7817785;260,479448;;;;;
10.05.2026 20:01:49;;;;;;;;257,830488;-29,9968435;259,605632;;;;;
10.05.2026 20:01:52;;;;;;;;257,914448;-29,9580155;259,681792;;;;;
10.05.2026 20:01:55;;;;;;;;257,544032;-28,5360215;259,155552;;;;;
10.05.2026 20:01:58;;;;;;;;258,016144;-29,533771;259,734888;;;;;
10.05.2026 20:02:01;;;;;;;;258,018472;-28,595326;259,631392;;;;;
10.05.2026 20:02:04;;;;;;;;256,83916;-30,180412;258,640096;;;;;
10.05.2026 20:02:07;;;;;;;;256,13712;-29,9440665;257,917056;;;;;
10.05.2026 20:02:10;;;;;;;;255,967056;-29,9338575;257,746624;;;;;
10.05.2026 20:02:13;;;;;;;;255,79532;-30,7349375;257,67272;;;;;
10.05.2026 20:02:16;;;;;;;;256,65804;-30,1124395;258,456304;;;;;
10.05.2026 20:02:19;;;;;;;;257,00944;-29,572614;258,743048;;;;;
10.05.2026 20:02:22;;;;;;;;257,284328;-29,231783;258,977728;;;;;
10.05.2026 20:02:25;;;;;;;;256,448472;-29,622684;258,19404;;;;;
10.05.2026 20:02:28;;;;;;;;255,759384;-29,121612;257,44836;;;;;
10.05.2026 20:02:31;;;;;;;;257,310088;-29,3617105;259,016976;;;;;
10.05.2026 20:02:34;;;;;;;;258,569296;-28,3231345;260,153;;;;;
10.05.2026 20:02:37;;;;;;;;258,585216;-28,643016;260,200096;;;;;
10.05.2026 20:02:40;;;;;;;;258,385224;-28,88486;260,026528;;;;;
10.05.2026 20:02:43;;;;;;;;257,29188;-29,316395;258,9908;;;;;
10.05.2026 20:02:46;;;;;;;;257,379584;-28,9822475;259,041096;;;;;
10.05.2026 20:02:49;;;;;;;;256,563376;-29,1903055;258,251352;;;;;
10.05.2026 20:02:52;;;;;;;;256,741464;-28,6630645;258,368536;;;;;
10.05.2026 20:02:55;;;;;;;;257,026984;-28,3197105;258,613432;;;;;
10.05.2026 20:02:58;;;;;;;;256,986328;-28,756125;258,621024;;;;;
10.05.2026 20:03:01;;;;;;;;257,5994;-27,8696985;259,136776;;;;;
10.05.2026 20:03:04;;;;;;;;257,734768;-27,9532105;259,276424;;;;;
10.05.2026 20:03:07;;;;;;;;258,314488;-26,988561;259,753376;;;;;
10.05.2026 20:03:10;;;;;;;;258,380384;-27,500821;259,871576;;;;;
10.05.2026 20:03:13;;;;;;;;258,793552;-26,9056245;260,21932;;;;;
10.05.2026 20:03:16;;;;;;;;258,460544;-27,3074575;259,929544;;;;;
10.05.2026 20:03:19;;;;;;;;257,525336;-27,327208;259,002576;;;;;
10.05.2026 20:03:22;;;;;;;;255,889512;-27,69504;257,417392;;;;;
10.05.2026 20:03:25;;;;;;;;255,810528;-27,7866225;257,348648;;;;;
10.05.2026 20:03:28;;;;;;;;256,161992;-27,412091;257,6578;;;;;
10.05.2026 20:03:31;;;;;;;;256,311952;-27,1358425;257,780808;;;;;
10.05.2026 20:03:34;;;;;;;;255,794168;-26,7759265;257,226768;;;;;
10.05.2026 20:03:37;;;;;;;;255,537976;-26,855113;256,980328;;;;;
10.05.2026 20:03:40;;;;;;;;255,34828;-27,202309;256,830976;;;;;
10.05.2026 20:03:43;;;;;;;;255,52412;-27,6118365;257,045064;;;;;
10.05.2026 20:03:46;;;;;;;;255,592344;-27,0864305;257,056992;;;;;
10.05.2026 20:03:49;;;;;;;;255,516456;-26,941894;256,968584;;;;;
10.05.2026 20:03:52;;;;;;;;255,760768;-26,524118;257,171224;;;;;
10.05.2026 20:03:55;;;;;;;;254,943136;-26,8349175;256,389952;;;;;
10.05.2026 20:03:58;;;;;;;;255,946952;-25,995857;257,298072;;;;;
10.05.2026 20:04:01;;;;;;;;256,936248;-25,890458;258,270544;;;;;
10.05.2026 20:04:04;;;;;;;;257,802;-25,2073155;259,063088;;;;;
10.05.2026 20:04:07;;;;;;;;258,082464;-25,112611;259,33524;;;;;
10.05.2026 20:04:10;;;;;;;;256,77828;-25,087432;258,034584;;;;;
10.05.2026 20:04:13;;;;;;;;256,303272;-24,7069495;257,524496;;;;;
10.05.2026 20:04:16;;;;;;;;255,432672;-24,257818;256,614888;;;;;
10.05.2026 20:04:19;;;;;;;;254,415696;-25,640251;255,739232;;;;;
10.05.2026 20:04:22;;;;;;;;255,68544;-24,590882;256,902192;;;;;
10.05.2026 20:04:25;;;;;;;;255,113272;-25,240813;256,394296;;;;;
10.05.2026 20:04:28;;;;;;;;255,425504;-24,6745675;256,648;;;;;
10.05.2026 20:04:31;;;;;;;;254,692344;-24,6199505;255,912776;;;;;
10.05.2026 20:04:34;;;;;;;;254,15832;-24,8621755;255,404816;;;;;
10.05.2026 20:04:37;;;;;;;;254,302496;-24,8456445;255,546312;;;;;
10.05.2026 20:04:40;;;;;;;;255,579256;-23,878915;256,725488;;;;;
10.05.2026 20:04:43;;;;;;;;257,282072;-23,616388;258,396128;;;;;
10.05.2026 20:04:46;;;;;;;;257,99392;-23,1770405;259,064504;;;;;
10.05.2026 20:04:49;;;;;;;;257,255096;-24,138335;258,417104;;;;;
10.05.2026 20:04:52;;;;;;;;256,71356;-23,8350435;257,85128;;;;;
10.05.2026 20:04:55;;;;;;;;255,661312;-24,7148;256,887096;;;;;
10.05.2026 20:04:58;;;;;;;;256,091048;-24,1565555;257,262216;;;;;
10.05.2026 20:05:01;;;;;;;;256,128016;-24,554317;257,333592;;;;;
10.05.2026 20:05:04;;;;;;;;255,944072;-24,6761345;257,1648;;;;;
10.05.2026 20:05:07;;;;;;;;255,438488;-24,4144215;256,631848;;;;;
10.05.2026 20:05:10;;;;;;;;255,418728;-24,8283135;256,65528;;;;;
10.05.2026 20:05:13;;;;;;;;256,699672;-24,0443795;257,85576;;;;;
10.05.2026 20:05:16;;;;;;;;257,333552;-24,9533555;258,572088;;;;;
10.05.2026 20:05:19;;;;;;;;257,42832;-24,6436345;258,635008;;;;;
10.05.2026 20:05:22;;;;;;;;256,481224;-25,319039;257,7568;;;;;
10.05.2026 20:05:25;;;;;;;;256,214832;-24,7610565;257,4382;;;;;
10.05.2026 20:05:28;;;;;;;;256,399472;-24,0881995;257,55528;;;;;
10.05.2026 20:05:31;;;;;;;;257,258704;-23,8752615;258,388232;;;;;
10.05.2026 20:05:34;;;;;;;;256,59508;-25,162603;257,849016;;;;;
10.05.2026 20:05:37;;;;;;;;256,525656;-24,340947;257,701096;;;;;
10.05.2026 20:05:40;;;;;;;;256,246096;-24,254689;257,414896;;;;;
10.05.2026 20:05:43;;;;;;;;256,57184;-23,3793085;257,656528;;;;;
10.05.2026 20:05:46;;;;;;;;256,76032;-23,3737;257,84444;;;;;
10.05.2026 20:05:49;;;;;;;;256,507872;-23,2200745;257,580656;;;;;
10.05.2026 20:05:52;;;;;;;;256,095592;-23,080316;257,157448;;;;;
10.05.2026 20:05:55;;;;;;;;255,89004;-22,133939;256,869416;;;;;
10.05.2026 20:05:58;;;;;;;;255,638104;-22,0222085;256,609136;;;;;
10.05.2026 20:06:01;;;;;;;;255,965424;-22,238522;256,951768;;;;;
10.05.2026 20:06:04;;;;;;;;256,071176;-22,4684015;257,079;;;;;
10.05.2026 20:06:07;;;;;;;;255,05684;-22,5896225;256,07968;;;;;
10.05.2026 20:06:10;;;;;;;;256,70652;-21,585983;257,638496;;;;;
10.05.2026 20:06:13;;;;;;;;257,172608;-21,553111;258,10068;;;;;
10.05.2026 20:06:16;;;;;;;;256,437128;-21,552064;257,366352;;;;;
10.05.2026 20:06:19;;;;;;;;257,233048;-20,8887205;258,1062;;;;;
10.05.2026 20:06:22;;;;;;;;255,849144;-21,182243;256,749328;;;;;
10.05.2026 20:06:25;;;;;;;;257,187296;-20,5904385;258,034336;;;;;
10.05.2026 20:06:28;;;;;;;;257,377816;-20,650634;258,22848;;;;;
10.05.2026 20:06:31;;;;;;;;257,586464;-21,186909;258,480936;;;;;
10.05.2026 20:06:34;;;;;;;;257,578704;-21,122452;258,468456;;;;;
10.05.2026 20:06:37;;;;;;;;256,583872;-21,7227535;257,527832;;;;;
10.05.2026 20:06:40;;;;;;;;256,358856;-21,8116795;257,31384;;;;;
10.05.2026 20:06:43;;;;;;;;257,069616;-23,0959535;258,133;;;;;
10.05.2026 20:06:46;;;;;;;;257,117832;-24,0398015;258,263368;;;;;
10.05.2026 20:06:49;;;;;;;;257,087192;-24,39476;258,269064;;;;;
10.05.2026 20:06:52;;;;;;;;255,691632;-25,393112;256,978904;;;;;
10.05.2026 20:06:55;;;;;;;;255,144672;-24,9584725;256,391824;;;;;
10.05.2026 20:06:58;;;;;;;;255,246848;-25,348692;256,533304;;;;;
10.05.2026 20:07:01;;;;;;;;255,586088;-25,107301;256,845568;;;;;
10.05.2026 20:07:04;;;;;;;;255,33388;-25,806011;256,667992;;;;;
10.05.2026 20:07:07;;;;;;;;255,020728;-25,745746;256,346288;;;;;
10.05.2026 20:07:10;;;;;;;;254,622672;-25,218676;255,899144;;;;;
10.05.2026 20:07:13;;;;;;;;254,596008;-25,3834105;255,890216;;;;;
10.05.2026 20:07:19;;;;;;;;254,847752;-24,955525;256,097016;;;;;
10.05.2026 20:07:22;;;;;;;;254,494104;-24,8890235;255,738896;;;;;
10.05.2026 20:07:25;;;;;;;;253,206744;-25,321818;254,501488;;;;;
10.05.2026 20:07:28;;;;;;;;253,558464;-24,626203;254,78232;;;;;
10.05.2026 20:07:31;;;;;;;;253,525704;-24,555889;254,741328;;;;;
10.05.2026 20:07:34;;;;;;;;253,719648;-24,5679025;254,935608;;;;;
10.05.2026 20:07:37;;;;;;;;254,084312;-23,477682;255,197136;;;;;
10.05.2026 20:07:40;;;;;;;;253,659864;-23,667608;254,798008;;;;;
10.05.2026 20:07:43;;;;;;;;253,242512;-24,263914;254,43488;;;;;
10.05.2026 20:07:46;;;;;;;;253,21292;-23,3623245;254,319976;;;;;
10.05.2026 20:07:49;;;;;;;;254,248152;-24,1512615;255,428424;;;;;
10.05.2026 20:07:52;;;;;;;;255,922608;-22,7670735;256,966344;;;;;
10.05.2026 20:07:55;;;;;;;;255,63792;-23,734628;256,767304;;;;;
10.05.2026 20:07:58;;;;;;;;255,786032;-23,3472705;256,878448;;;;;
10.05.2026 20:08:01;;;;;;;;255,954552;-24,4966215;257,15712;;;;;
10.05.2026 20:08:04;;;;;;;;257,01316;-24,0401955;258,16524;;;;;
10.05.2026 20:08:07;;;;;;;;256,429984;-25,265132;257,702664;;;;;
10.05.2026 20:08:10;;;;;;;;256,855096;-25,7356285;258,171808;;;;;
10.05.2026 20:08:13;;;;;;;;256,116272;-26,73755;257,539264;;;;;
10.05.2026 20:08:16;;;;;;;;256,123472;-27,686709;257,647744;;;;;
10.05.2026 20:08:19;;;;;;;;257,19488;-27,243584;258,666528;;;;;
10.05.2026 20:08:22;;;;;;;;256,593688;-27,626121;258,108016;;;;;
10.05.2026 20:08:25;;;;;;;;256,609824;-27,7160305;258,13384;;;;;
10.05.2026 20:08:28;;;;;;;;257,419288;-27,2402015;258,88772;;;;;
10.05.2026 20:08:31;;;;;;;;256,875456;-27,4343535;258,366152;;;;;
10.05.2026 20:08:34;;;;;;;;255,947376;-27,109918;257,408872;;;;;
10.05.2026 20:08:37;;;;;;;;255,841496;-27,1692055;257,310408;;;;;
10.05.2026 20:08:40;;;;;;;;255,58316;-27,105825;257,045808;;;;;
10.05.2026 20:08:43;;;;;;;;255,398392;-27,1985485;256,871576;;;;;
10.05.2026 20:08:46;;;;;;;;256,380504;-27,0143915;257,83264;;;;;
10.05.2026 20:08:49;;;;;;;;255,911208;-26,429543;257,304152;;;;;
10.05.2026 20:08:52;;;;;;;;254,884816;-27,1371775;256,35524;;;;;
10.05.2026 20:08:55;;;;;;;;254,84272;-27,4132835;256,342496;;;;;
10.05.2026 20:08:58;;;;;;;;255,083232;-27,190341;256,559016;;;;;
10.05.2026 20:09:01;;;;;;;;255,966392;-27,4172835;257,459944;;;;;
10.05.2026 20:09:04;;;;;;;;255,741704;-27,55514;257,253112;;;;;
10.05.2026 20:09:07;;;;;;;;255,720456;-27,6871805;257,245152;;;;;
10.05.2026 20:09:10;;;;;;;;254,950584;-27,8325965;256,495744;;;;;
10.05.2026 20:09:13;;;;;;;;254,713824;-27,9885795;256,27792;;;;;
10.05.2026 20:09:16;;;;;;;;256,13212;-27,2318225;257,606056;;;;;
10.05.2026 20:09:19;;;;;;;;256,012832;-27,7578055;257,54472;;;;;
10.05.2026 20:09:22;;;;;;;;255,79996;-27,449587;257,301072;;;;;
10.05.2026 20:09:25;;;;;;;;255,229512;-28,8152265;256,881904;;;;;
10.05.2026 20:09:28;;;;;;;;255,486112;-28,069948;257,053824;;;;;
10.05.2026 20:09:31;;;;;;;;254,739848;-28,5885395;256,370048;;;;;
10.05.2026 20:09:34;;;;;;;;255,056824;-28,5952445;256,685624;;;;;
10.05.2026 20:09:37;;;;;;;;255,452832;-28,93776;257,117056;;;;;
10.05.2026 20:09:40;;;;;;;;255,706528;-29,008716;257,377552;;;;;
10.05.2026 20:09:43;;;;;;;;256,352992;-28,132328;257,923504;;;;;
10.05.2026 20:09:46;;;;;;;;255,595592;-28,4539125;257,205336;;;;;
10.05.2026 20:09:49;;;;;;;;255,777808;-28,252184;257,365576;;;;;
10.05.2026 20:09:52;;;;;;;;255,580968;-28,6916815;257,217744;;;;;
10.05.2026 20:09:55;;;;;;;;255,749904;-28,167452;257,32668;;;;;
10.05.2026 20:09:58;;;;;;;;255,359416;-28,677166;256,9944;;;;;
10.05.2026 20:10:01;;;;;;;;255,388528;-28,3254465;256,986624;;;;;
10.05.2026 20:10:04;;;;;;;;255,824288;-28,3726745;257,421456;;;;;
10.05.2026 20:10:07;;;;;;;;256,039728;-28,0040485;257,594456;;;;;
10.05.2026 20:10:10;;;;;;;;255,121984;-28,23679;256,70704;;;;;
10.05.2026 20:10:13;;;;;;;;255,725744;-27,492722;257,22744;;;;;
10.05.2026 20:10:16;;;;;;;;256,02716;-27,554262;257,53348;;;;;
10.05.2026 20:10:19;;;;;;;;255,739464;-28,008406;257,297344;;;;;
10.05.2026 20:10:22;;;;;;;;254,795104;-28,449677;256,407872;;;;;
10.05.2026 20:10:25;;;;;;;;254,508152;-28,400878;256,116216;;;;;
10.05.2026 20:10:28;;;;;;;;255,098592;-28,200613;256,681176;;;;;
10.05.2026 20:10:31;;;;;;;;254,836648;-28,3637375;256,438872;;;;;
10.05.2026 20:10:34;;;;;;;;255,05756;-27,6186795;256,577616;;;;;
10.05.2026 20:10:37;;;;;;;;255,266944;-27,747138;256,800888;;;;;
10.05.2026 20:10:40;;;;;;;;255,974656;-28,353174;257,5698;;;;;
10.05.2026 20:10:43;;;;;;;;256,320216;-28,9815505;257,983328;;;;;
10.05.2026 20:10:46;;;;;;;;257,100288;-28,130776;258,664984;;;;;
10.05.2026 20:10:49;;;;;;;;256,32712;-28,928903;257,985056;;;;;
10.05.2026 20:10:52;;;;;;;;256,138344;-29,2141065;257,828384;;;;;
10.05.2026 20:10:55;;;;;;;;255,892712;-28,726896;257,529128;;;;;
10.05.2026 20:10:58;;;;;;;;255,519984;-28,9542555;257,186904;;;;;
10.05.2026 20:11:01;;;;;;;;255,84252;-28,5949135;257,465632;;;;;
10.05.2026 20:11:04;;;;;;;;256,044136;-28,6576055;257,673248;;;;;
10.05.2026 20:11:07;;;;;;;;255,757328;-28,126864;257,329896;;;;;
10.05.2026 20:11:10;;;;;;;;255,536008;-28,620561;257,165384;;;;;
10.05.2026 20:11:13;;;;;;;;255,81916;-27,3300845;257,305472;;;;;
10.05.2026 20:11:16;;;;;;;;255,735816;-28,0870855;257,304176;;;;;
10.05.2026 20:11:19;;;;;;;;256,028672;-28,375373;257,627224;;;;;
10.05.2026 20:11:22;;;;;;;;255,878184;-28,6584575;257,508808;;;;;
10.05.2026 20:11:25;;;;;;;;256,175824;-28,6696265;257,806616;;;;;
10.05.2026 20:11:28;;;;;;;;256,606664;-28,441479;258,210128;;;;;
10.05.2026 20:11:31;;;;;;;;256,97924;-28,334789;258,569496;;;;;
10.05.2026 20:11:34;;;;;;;;257,412544;-28,1141785;258,975456;;;;;
10.05.2026 20:11:37;;;;;;;;256,705976;-28,141938;258,277952;;;;;
10.05.2026 20:11:40;;;;;;;;255,507224;-28,310107;257,102584;;;;;
10.05.2026 20:11:43;;;;;;;;255,55716;-28,600277;257,1824;;;;;
10.05.2026 20:11:46;;;;;;;;255,474744;-28,607871;257,10372;;;;;
10.05.2026 20:11:49;;;;;;;;255,260952;-29,3447335;256,975208;;;;;
10.05.2026 20:11:52;;;;;;;;256,284136;-28,906663;257,940744;;;;;
10.05.2026 20:11:55;;;;;;;;256,519704;-28,7846145;258,159352;;;;;
10.05.2026 20:11:58;;;;;;;;256,510272;-29,049831;258,179896;;;;;
10.05.2026 20:12:01;;;;;;;;256,83848;-28,6511555;258,459848;;;;;
10.05.2026 20:12:04;;;;;;;;256,384896;-28,753591;258,02104;;;;;
10.05.2026 20:12:07;;;;;;;;256,610056;-28,3761035;258,202504;;;;;
10.05.2026 20:12:10;;;;;;;;256,675008;-28,0400335;258,229144;;;;;
10.05.2026 20:12:13;;;;;;;;256,97988;-28,0724525;258,535368;;;;;
10.05.2026 20:12:16;;;;;;;;258,9504;-26,62998;260,342192;;;;;
10.05.2026 20:12:19;;;;;;;;258,780552;-27,6029405;260,275016;;;;;
10.05.2026 20:12:22;;;;;;;;259,259088;-26,548357;260,641224;;;;;
10.05.2026 20:12:25;;;;;;;;258,172232;-26,2103225;259,526104;;;;;
10.05.2026 20:12:28;;;;;;;;257,841376;-26,299086;259,208032;;;;;
10.05.2026 20:12:31;;;;;;;;257,148368;-26,974879;258,588384;;;;;
10.05.2026 20:12:34;;;;;;;;257,333152;-26,9711065;258,772144;;;;;
10.05.2026 20:12:37;;;;;;;;258,615192;-26,1829885;259,964272;;;;;
10.05.2026 20:12:40;;;;;;;;259,9286;-25,9807315;261,251552;;;;;
10.05.2026 20:12:43;;;;;;;;259,869592;-25,6306575;261,157496;;;;;
10.05.2026 20:12:46;;;;;;;;258,664576;-26,310041;260,02648;;;;;
10.05.2026 20:12:49;;;;;;;;259,675432;-25,372795;260,939856;;;;;
10.05.2026 20:12:52;;;;;;;;260,021024;-24,8147905;261,227808;;;;;
10.05.2026 20:12:55;;;;;;;;259,336456;-25,010048;260,567104;;;;;
10.05.2026 20:12:58;;;;;;;;258,376288;-25,9245355;259,70156;;;;;
10.05.2026 20:13:01;;;;;;;;257,980704;-25,6945375;259,283928;;;;;
10.05.2026 20:13:04;;;;;;;;257,67672;-25,879447;258,999616;;;;;
10.05.2026 20:13:07;;;;;;;;257,535928;-24,8899485;258,76216;;;;;
10.05.2026 20:13:10;;;;;;;;257,87436;-25,167284;259,127376;;;;;
10.05.2026 20:13:13;;;;;;;;257,38224;-24,442048;258,565488;;;;;
10.05.2026 20:13:16;;;;;;;;256,234368;-25,75701;257,555056;;;;;
10.05.2026 20:13:19;;;;;;;;255,994864;-25,4405425;257,283448;;;;;
10.05.2026 20:13:22;;;;;;;;255,918088;-25,1914025;257,179992;;;;;
10.05.2026 20:13:25;;;;;;;;256,359064;-25,1855705;257,618632;;;;;
10.05.2026 20:13:28;;;;;;;;256,663256;-25,2365485;257,924168;;;;;
10.05.2026 20:13:31;;;;;;;;257,700752;-25,3051325;258,966344;;;;;
10.05.2026 20:13:34;;;;;;;;258,328976;-25,165089;259,574616;;;;;
10.05.2026 20:13:37;;;;;;;;258,094728;-24,7036085;259,296088;;;;;
10.05.2026 20:13:40;;;;;;;;258,704632;-24,713334;259,905128;;;;;
10.05.2026 20:13:46;;;;;;;;258,422104;-25,015156;259,654144;;;;;
10.05.2026 20:13:49;;;;;;;;258,598008;-25,108923;259,837416;;;;;
10.05.2026 20:13:52;;;;;;;;257,748768;-24,8978405;258,971672;;;;;
10.05.2026 20:13:55;;;;;;;;257,635312;-24,6500185;258,835784;;;;;
10.05.2026 20:13:58;;;;;;;;256,830752;-24,813113;258,049864;;;;;
10.05.2026 20:14:01;;;;;;;;256,227968;-24,3064485;257,404112;;;;;
10.05.2026 20:14:04;;;;;;;;255,357848;-24,2322765;256,530288;;;;;
10.05.2026 20:14:07;;;;;;;;255,513016;-23,308522;256,599648;;;;;
10.05.2026 20:14:10;;;;;;;;255,34712;-23,8271825;256,482096;;;;;
10.05.2026 20:14:13;;;;;;;;255,080944;-23,9928085;256,23248;;;;;
10.05.2026 20:14:16;;;;;;;;255,242528;-23,691548;256,365736;;;;;
10.05.2026 20:14:19;;;;;;;;255,319128;-23,8985915;256,46004;;;;;
10.05.2026 20:14:22;;;;;;;;257,113272;-23,360112;258,19684;;;;;
10.05.2026 20:14:25;;;;;;;;258,81304;-22,6234715;259,82284;;;;;
10.05.2026 20:14:28;;;;;;;;258,617928;-23,02391;259,664904;;;;;
10.05.2026 20:14:31;;;;;;;;258,177208;-22,8223075;259,207552;;;;;
10.05.2026 20:14:34;;;;;;;;258,098976;-22,5445365;259,106032;;;;;
10.05.2026 20:14:37;;;;;;;;258,199312;-22,6286765;259,213464;;;;;
10.05.2026 20:14:40;;;;;;;;257,175584;-23,1419585;258,239312;;;;;
10.05.2026 20:14:43;;;;;;;;257,542288;-22,997343;258,592136;;;;;
10.05.2026 20:14:46;;;;;;;;256,457096;-23,6262185;257,56904;;;;;
10.05.2026 20:14:49;;;;;;;;256,342112;-23,5249765;257,444312;;;;;
10.05.2026 20:14:52;;;;;;;;255,595592;-24,6832585;256,81148;;;;;
10.05.2026 20:14:55;;;;;;;;255,975512;-25,1692645;257,235592;;;;;
10.05.2026 20:14:58;;;;;;;;255,81156;-26,1846135;257,178504;;;;;
10.05.2026 20:15:01;;;;;;;;256,7726;-25,9551935;258,1084;;;;;
10.05.2026 20:15:04;;;;;;;;257,498352;-25,43465;258,776096;;;;;
10.05.2026 20:15:07;;;;;;;;257,879064;-25,7547645;259,184376;;;;;
10.05.2026 20:15:10;;;;;;;;258,568528;-25,4575475;259,842496;;;;;
10.05.2026 20:15:13;;;;;;;;258,647144;-25,5938955;259,9358;;;;;
10.05.2026 20:15:16;;;;;;;;258,053176;-25,378186;259,323312;;;;;
10.05.2026 20:15:19;;;;;;;;258,098088;-25,1304805;259,34196;;;;;
10.05.2026 20:15:22;;;;;;;;258,78528;-25,834596;260,09712;;;;;
10.05.2026 20:15:25;;;;;;;;261,63624;-25,3741105;262,889064;;;;;
10.05.2026 20:15:28;;;;;;;;261,856896;-25,3149425;263,103144;;;;;
10.05.2026 20:15:31;;;;;;;;259,783656;-26,037591;261,108496;;;;;
10.05.2026 20:15:34;;;;;;;;259,10784;-25,7675705;260,409816;;;;;
10.05.2026 20:15:37;;;;;;;;257,752224;-26,779914;259,164584;;;;;
10.05.2026 20:15:40;;;;;;;;258,440272;-25,817077;259,750456;;;;;
10.05.2026 20:15:43;;;;;;;;258,465344;-26,191266;259,81224;;;;;
10.05.2026 20:15:46;;;;;;;;259,183752;-24,9420535;260,404008;;;;;
10.05.2026 20:15:49;;;;;;;;258,945632;-25,4018425;260,212008;;;;;
10.05.2026 20:15:52;;;;;;;;258,540608;-25,653163;259,83364;;;;;
10.05.2026 20:15:55;;;;;;;;259,51532;-25,2405845;260,764432;;;;;
10.05.2026 20:15:58;;;;;;;;259,592672;-25,2501655;260,841976;;;;;
10.05.2026 20:16:01;;;;;;;;258,746088;-24,922891;259,972056;;;;;
10.05.2026 20:16:04;;;;;;;;258,596;-24,783517;259,811376;;;;;
10.05.2026 20:16:07;;;;;;;;257,661192;-25,04549;258,903992;;;;;
10.05.2026 20:16:10;;;;;;;;257,563288;-25,6913775;258,872128;;;;;
10.05.2026 20:16:13;;;;;;;;256,046136;-25,712042;257,364416;;;;;
10.05.2026 20:16:16;;;;;;;;256,245512;-25,412283;257,5344;;;;;
10.05.2026 20:16:19;;;;;;;;256,78008;-25,1505155;258,039152;;;;;
10.05.2026 20:16:22;;;;;;;;257,15964;-25,6048595;258,459008;;;;;
10.05.2026 20:16:25;;;;;;;;256,609064;-25,935814;257,94572;;;;;
10.05.2026 20:16:28;;;;;;;;256,031304;-25,4488385;257,3218;;;;;
10.05.2026 20:16:31;;;;;;;;256,084792;-26,10875;257,441696;;;;;
10.05.2026 20:16:34;;;;;;;;256,458288;-26,104101;257,813016;;;;;
10.05.2026 20:16:37;;;;;;;;256,326024;-26,390025;257,711272;;;;;
10.05.2026 20:16:40;;;;;;;;256,799888;-26,0476025;258,148048;;;;;
10.05.2026 20:16:43;;;;;;;;257,81608;-25,3963445;259,092352;;;;;
10.05.2026 20:16:46;;;;;;;;258,336816;-25,230768;259,594576;;;;;
10.05.2026 20:16:49;;;;;;;;257,78924;-25,1445505;259,04148;;;;;
10.05.2026 20:16:52;;;;;;;;256,726744;-25,918531;258,062936;;;;;
10.05.2026 20:16:55;;;;;;;;256,537384;-25,3513885;257,81848;;;;;
10.05.2026 20:16:58;;;;;;;;256,371416;-25,1848755;257,639392;;;;;
10.05.2026 20:17:01;;;;;;;;257,853144;-23,5744595;258,958504;;;;;
10.05.2026 20:17:04;;;;;;;;257,527664;-24,0780135;258,681264;;;;;
10.05.2026 20:17:07;;;;;;;;257,319544;-24,6678165;258,530184;;;;;
10.05.2026 20:17:10;;;;;;;;258,6056;-23,742742;259,722448;;;;;
10.05.2026 20:17:13;;;;;;;;258,409632;-24,4404655;259,592216;;;;;
10.05.2026 20:17:16;;;;;;;;258,891488;-23,9422295;260,024056;;;;;
10.05.2026 20:17:19;;;;;;;;257,736464;-23,838322;258,8642;;;;;
10.05.2026 20:17:22;;;;;;;;257,322296;-24,1298245;258,475792;;;;;
10.05.2026 20:17:25;;;;;;;;258,332024;-23,158732;259,393584;;;;;
10.05.2026 20:17:28;;;;;;;;259,996744;-22,836157;261,024744;;;;;
10.05.2026 20:17:31;;;;;;;;261,806056;-22,302587;262,779072;;;;;
10.05.2026 20:17:34;;;;;;;;261,194248;-22,9284595;262,2244;;;;;
10.05.2026 20:17:37;;;;;;;;259,935608;-23,798749;261,048112;;;;;
10.05.2026 20:17:40;;;;;;;;258,741976;-24,073325;259,888464;;;;;
10.05.2026 20:17:43;;;;;;;;258,907;-23,977702;260,045352;;;;;
10.05.2026 20:17:46;;;;;;;;258,387936;-24,547246;259,578008;;;;;
10.05.2026 20:17:49;;;;;;;;257,599552;-24,8789365;258,826144;;;;;
10.05.2026 20:17:52;;;;;;;;257,470376;-25,4994085;258,759544;;;;;
10.05.2026 20:17:55;;;;;;;;258,07832;-24,8289445;259,299512;;;;;
10.05.2026 20:17:58;;;;;;;;257,458416;-24,971609;258,69748;;;;;
10.05.2026 20:18:01;;;;;;;;257,964928;-25,335213;259,2382;;;;;
10.05.2026 20:18:04;;;;;;;;257,849632;-25,8495585;259,17344;;;;;
10.05.2026 20:18:07;;;;;;;;257,77572;-25,5042935;259,06376;;;;;
10.05.2026 20:18:10;;;;;;;;256,994848;-26,253485;258,35832;;;;;
10.05.2026 20:18:13;;;;;;;;257,70128;-25,5874035;258,995696;;;;;
10.05.2026 20:18:16;;;;;;;;258,347584;-25,5341875;259,63452;;;;;
10.05.2026 20:18:19;;;;;;;;258,003056;-26,5299665;259,391288;;;;;
10.05.2026 20:18:22;;;;;;;;259,725744;-25,9239865;261,04416;;;;;
10.05.2026 20:18:25;;;;;;;;259,859928;-26,3605095;261,224704;;;;;
10.05.2026 20:18:28;;;;;;;;259,241696;-26,484868;260,622952;;;;;
10.05.2026 20:18:31;;;;;;;;257,501904;-28,097652;259,065288;;;;;
10.05.2026 20:18:34;;;;;;;;257,993512;-29,0605295;259,657784;;;;;
10.05.2026 20:18:37;;;;;;;;258,60236;-28,81986;260,235128;;;;;
10.05.2026 20:18:40;;;;;;;;258,126848;-29,024071;259,786352;;;;;
10.05.2026 20:18:43;;;;;;;;257,264392;-28,8959215;258,916288;;;;;
10.05.2026 20:18:46;;;;;;;;257,313904;-28,661566;258,93872;;;;;
10.05.2026 20:18:49;;;;;;;;257,09764;-28,4383405;258,697384;;;;;
10.05.2026 20:18:52;;;;;;;;256,855768;-28,4987445;258,46236;;;;;
10.05.2026 20:18:55;;;;;;;;257,37372;-27,961912;258,919072;;;;;
10.05.2026 20:18:58;;;;;;;;257,089088;-28,519324;258,696288;;;;;
10.05.2026 20:19:01;;;;;;;;258,080808;-29,0408855;259,739376;;;;;
10.05.2026 20:19:04;;;;;;;;260,084512;-27,9874915;261,618392;;;;;
10.05.2026 20:19:07;;;;;;;;259,237296;-28,0422255;260,78052;;;;;
10.05.2026 20:19:10;;;;;;;;259,210232;-28,2125225;260,77352;;;;;
10.05.2026 20:19:13;;;;;;;;259,762456;-28,247025;261,322952;;;;;
10.05.2026 20:19:16;;;;;;;;260,28844;-28,443741;261,866776;;;;;
10.05.2026 20:19:19;;;;;;;;260,283608;-28,203189;261,837624;;;;;
10.05.2026 20:19:22;;;;;;;;259,92584;-28,53423;261,516904;;;;;
10.05.2026 20:19:25;;;;;;;;260,851264;-27,690451;262,3452;;;;;
10.05.2026 20:19:28;;;;;;;;260,79444;-27,572715;262,277336;;;;;
10.05.2026 20:19:31;;;;;;;;260,151392;-27,4087655;261,622136;;;;;
10.05.2026 20:19:34;;;;;;;;259,640296;-27,4721705;261,120064;;;;;
10.05.2026 20:19:37;;;;;;;;258,619392;-27,473389;260,102992;;;;;
10.05.2026 20:19:40;;;;;;;;258,065248;-28,398082;259,650432;;;;;
10.05.2026 20:19:43;;;;;;;;258,367352;-27,9187365;259,900056;;;;;
10.05.2026 20:19:46;;;;;;;;258,439248;-27,6551995;259,946296;;;;;
10.05.2026 20:19:49;;;;;;;;258,49944;-26,7228935;259,904784;;;;;
10.05.2026 20:19:52;;;;;;;;257,390376;-26,436467;258,773152;;;;;
10.05.2026 20:19:55;;;;;;;;257,611048;-26,615861;259,010912;;;;;
10.05.2026 20:19:58;;;;;;;;257,830744;-26,106087;259,179144;;;;;
10.05.2026 20:20:01;;;;;;;;257,267136;-26,167057;258,62496;;;;;
10.05.2026 20:20:04;;;;;;;;257,407776;-25,7385365;258,717512;;;;;
10.05.2026 20:20:10;;;;;;;;257,325984;-26,152444;258,678864;;;;;
10.05.2026 20:20:13;;;;;;;;256,943464;-26,6833615;258,354408;;;;;
10.05.2026 20:20:16;;;;;;;;256,975712;-26,0095905;258,319784;;;;;
10.05.2026 20:20:19;;;;;;;;256,695632;-26,2482605;258,06216;;;;;
10.05.2026 20:20:22;;;;;;;;256,8888;-25,828309;258,213064;;;;;
10.05.2026 20:20:25;;;;;;;;256,525864;-26,4444485;257,916968;;;;;
10.05.2026 20:20:28;;;;;;;;256,59956;-26,86819;258,03244;;;;;
10.05.2026 20:20:31;;;;;;;;257,46804;-25,6961545;258,776744;;;;;
10.05.2026 20:20:34;;;;;;;;257,395448;-25,5811785;258,691216;;;;;
10.05.2026 20:20:37;;;;;;;;257,716552;-25,712931;259,021896;;;;;
10.05.2026 20:20:40;;;;;;;;258,586744;-25,6740425;259,885536;;;;;
10.05.2026 20:20:43;;;;;;;;259,833376;-25,6710015;261,125744;;;;;
10.05.2026 20:20:46;;;;;;;;259,879464;-25,1835325;261,123864;;;;;
10.05.2026 20:20:49;;;;;;;;260,35576;-25,1667975;261,59604;;;;;
10.05.2026 20:20:52;;;;;;;;259,949272;-25,0623125;261,184816;;;;;
10.05.2026 20:20:55;;;;;;;;259,657312;-25,9756005;260,981864;;;;;
10.05.2026 20:20:58;;;;;;;;261,45036;-25,6789005;262,737416;;;;;
10.05.2026 20:21:01;;;;;;;;260,889808;-25,605774;262,172568;;;;;
10.05.2026 20:21:04;;;;;;;;261,6448;-25,1244025;262,878016;;;;;
10.05.2026 20:21:07;;;;;;;;262,07044;-24,219144;263,21452;;;;;
10.05.2026 20:21:10;;;;;;;;261,989024;-25,234169;263,2282;;;;;
10.05.2026 20:21:13;;;;;;;;261,361416;-24,935401;262,576488;;;;;
10.05.2026 20:21:16;;;;;;;;259,878272;-26,4056015;261,242768;;;;;
10.05.2026 20:21:19;;;;;;;;259,709928;-26,262366;261,06212;;;;;
10.05.2026 20:21:22;;;;;;;;259,612816;-26,7754685;261,014552;;;;;
10.05.2026 20:21:25;;;;;;;;260,938752;-26,4744495;262,304016;;;;;
10.05.2026 20:21:28;;;;;;;;262,964784;-25,6540185;264,23772;;;;;
10.05.2026 20:21:31;;;;;;;;262,338448;-25,3334385;263,583872;;;;;
10.05.2026 20:21:34;;;;;;;;260,667576;-26,996565;262,0896;;;;;
10.05.2026 20:21:37;;;;;;;;259,456128;-27,122579;260,894496;;;;;
10.05.2026 20:21:40;;;;;;;;258,97884;-28,209849;260,537872;;;;;
10.05.2026 20:21:43;;;;;;;;259,716608;-28,6143285;261,31616;;;;;
10.05.2026 20:21:46;;;;;;;;259,625024;-27,7842635;261,136768;;;;;
10.05.2026 20:21:49;;;;;;;;257,862776;-28,9359665;259,511472;;;;;
10.05.2026 20:21:52;;;;;;;;257,934008;-28,546575;259,539552;;;;;
10.05.2026 20:21:55;;;;;;;;257,966488;-28,8864595;259,61028;;;;;
10.05.2026 20:21:58;;;;;;;;258,609736;-28,5205095;260,206576;;;;;
10.05.2026 20:22:01;;;;;;;;259,369752;-27,5904745;260,861224;;;;;
10.05.2026 20:22:04;;;;;;;;259,65524;-27,9690255;261,18484;;;;;
10.05.2026 20:22:07;;;;;;;;258,457712;-28,86219;260,092736;;;;;
10.05.2026 20:22:10;;;;;;;;258,124704;-28,8131545;259,755816;;;;;
10.05.2026 20:22:13;;;;;;;;257,631776;-28,943371;259,278368;;;;;
10.05.2026 20:22:16;;;;;;;;257,779048;-28,757655;259,405128;;;;;
10.05.2026 20:22:19;;;;;;;;257,893504;-28,590811;259,50016;;;;;
10.05.2026 20:22:22;;;;;;;;257,23996;-28,659616;258,860472;;;;;
10.05.2026 20:22:25;;;;;;;;257,54108;-28,996139;259,195424;;;;;
10.05.2026 20:22:28;;;;;;;;258,048856;-28,1808125;259,611184;;;;;
10.05.2026 20:22:31;;;;;;;;258,069064;-28,732599;259,691008;;;;;
10.05.2026 20:22:34;;;;;;;;258,649904;-27,9867275;260,187056;;;;;
10.05.2026 20:22:37;;;;;;;;258,47764;-28,632919;260,084464;;;;;
10.05.2026 20:22:40;;;;;;;;259,628232;-27,968566;261,157424;;;;;
10.05.2026 20:22:43;;;;;;;;260,786744;-26,726519;262,18064;;;;;
10.05.2026 20:22:46;;;;;;;;261,868536;-26,7609235;263,260096;;;;;
10.05.2026 20:22:49;;;;;;;;262,064032;-26,163572;263,393264;;;;;
10.05.2026 20:22:52;;;;;;;;260,878448;-27,134834;262,315456;;;;;
10.05.2026 20:22:55;;;;;;;;261,901672;-26,674989;263,283664;;;;;
10.05.2026 20:22:58;;;;;;;;262,269568;-26,4830195;263,632424;;;;;
10.05.2026 20:23:01;;;;;;;;262,000624;-26,990924;263,417224;;;;;
10.05.2026 20:23:04;;;;;;;;261,5732;-26,7260655;262,96784;;;;;
10.05.2026 20:23:07;;;;;;;;259,545064;-27,3494525;261,0172;;;;;
10.05.2026 20:23:10;;;;;;;;259,221184;-27,7205005;260,733544;;;;;
10.05.2026 20:23:13;;;;;;;;259,397424;-28,078003;260,946672;;;;;
10.05.2026 20:23:16;;;;;;;;259,059056;-28,5740045;260,664968;;;;;
10.05.2026 20:23:19;;;;;;;;258,503904;-28,3281895;260,084184;;;;;
10.05.2026 20:23:22;;;;;;;;257,767752;-28,9050075;259,416416;;;;;
10.05.2026 20:23:25;;;;;;;;257,800464;-28,8018655;259,43676;;;;;
10.05.2026 20:23:28;;;;;;;;257,736744;-28,416737;259,328592;;;;;
10.05.2026 20:23:31;;;;;;;;258,214;-28,07489;259,76556;;;;;
10.05.2026 20:23:34;;;;;;;;259,140992;-27,9407175;260,677296;;;;;
10.05.2026 20:23:37;;;;;;;;258,703176;-27,525149;260,197296;;;;;
10.05.2026 20:23:40;;;;;;;;258,655888;-27,6381785;260,161296;;;;;
10.05.2026 20:23:43;;;;;;;;259,643576;-27,4846565;261,124304;;;;;
10.05.2026 20:23:46;;;;;;;;259,503264;-27,7422815;261,011296;;;;;
10.05.2026 20:23:49;;;;;;;;261,638768;-27,743227;263,136352;;;;;
10.05.2026 20:23:52;;;;;;;;262,02048;-28,0847425;263,551744;;;;;
10.05.2026 20:23:55;;;;;;;;260,70044;-28,7794285;262,313712;;;;;
10.05.2026 20:23:58;;;;;;;;259,959584;-29,5321025;261,662056;;;;;
10.05.2026 20:24:01;;;;;;;;259,325576;-30,349446;261,125224;;;;;
10.05.2026 20:24:04;;;;;;;;259,492728;-29,6052775;261,20448;;;;;
10.05.2026 20:24:07;;;;;;;;258,38096;-30,82111;260,242288;;;;;
10.05.2026 20:24:10;;;;;;;;257,724472;-31,143577;259,630464;;;;;
10.05.2026 20:24:13;;;;;;;;257,834984;-30,737202;259,690896;;;;;
10.05.2026 20:24:16;;;;;;;;257,776832;-31,945324;259,77952;;;;;
10.05.2026 20:24:19;;;;;;;;258,028952;-31,309446;259,951224;;;;;
10.05.2026 20:24:22;;;;;;;;258,89416;-30,974998;260,767976;;;;;
10.05.2026 20:24:25;;;;;;;;257,876456;-30,480954;259,70412;;;;;
10.05.2026 20:24:28;;;;;;;;257,494288;-30,1018235;259,277576;;;;;
10.05.2026 20:24:31;;;;;;;;258,002856;-29,664379;259,73536;;;;;
10.05.2026 20:24:34;;;;;;;;258,227248;-30,556517;260,061144;;;;;
10.05.2026 20:24:37;;;;;;;;258,82376;-30,123785;260,6052;;;;;
10.05.2026 20:24:40;;;;;;;;260,027344;-30,272834;261,817544;;;;;
10.05.2026 20:24:43;;;;;;;;259,242248;-30,505062;261,063048;;;;;
10.05.2026 20:24:46;;;;;;;;258,424864;-30,624033;260,267872;;;;;
10.05.2026 20:24:49;;;;;;;;258,13856;-31,461728;260,084432;;;;;
10.05.2026 20:24:52;;;;;;;;259,050784;-31,32303;260,969712;;;;;
10.05.2026 20:24:55;;;;;;;;259,644848;-30,620304;261,47684;;;;;
10.05.2026 20:24:58;;;;;;;;259,69688;-30,276925;261,490664;;;;;
10.05.2026 20:25:01;;;;;;;;259,41672;-30,667428;261,2598;;;;;
10.05.2026 20:25:04;;;;;;;;259,220704;-31,014027;261,103704;;;;;
10.05.2026 20:25:07;;;;;;;;259,786832;-30,837935;261,642896;;;;;
10.05.2026 20:25:10;;;;;;;;260,039216;-30,859808;261,895864;;;;;
10.05.2026 20:25:13;;;;;;;;260,359096;-30,442765;262,163128;;;;;
10.05.2026 20:25:16;;;;;;;;259,702352;-30,996765;261,576888;;;;;
10.05.2026 20:25:19;;;;;;;;258,210144;-30,620896;260,052784;;;;;
10.05.2026 20:25:22;;;;;;;;258,272744;-30,1722435;260,061792;;;;;
10.05.2026 20:25:25;;;;;;;;259,607096;-29,4098675;261,299944;;;;;
10.05.2026 20:25:28;;;;;;;;259,93728;-29,4711005;261,633144;;;;;
10.05.2026 20:25:31;;;;;;;;260,5692;-29,0654275;262,21732;;;;;
10.05.2026 20:25:34;;;;;;;;260,201648;-29,019399;261,84952;;;;;
10.05.2026 20:25:37;;;;;;;;258,286128;-28,9329435;259,93512;;;;;
10.05.2026 20:25:40;;;;;;;;257,968216;-29,075751;259,633392;;;;;
10.05.2026 20:25:43;;;;;;;;258,065088;-28,8232055;259,704976;;;;;
10.05.2026 20:25:46;;;;;;;;257,965208;-28,981203;259,621864;;;;;
10.05.2026 20:25:49;;;;;;;;258,346504;-28,3454355;259,931;;;;;
10.05.2026 20:25:52;;;;;;;;259,262232;-28,0260635;260,80628;;;;;
10.05.2026 20:25:55;;;;;;;;259,342536;-28,1975985;260,904528;;;;;
10.05.2026 20:25:58;;;;;;;;260,019136;-27,7519035;261,525488;;;;;
10.05.2026 20:26:01;;;;;;;;259,565544;-29,0048915;261,210016;;;;;
10.05.2026 20:26:04;;;;;;;;260,752136;-28,0135095;262,280368;;;;;
10.05.2026 20:26:07;;;;;;;;260,738776;-27,8130425;262,247616;;;;;
10.05.2026 20:26:10;;;;;;;;259,592544;-27,8522005;261,112736;;;;;
10.05.2026 20:26:13;;;;;;;;259,962024;-27,805356;261,472704;;;;;
10.05.2026 20:26:16;;;;;;;;260,20212;-28,0663915;261,74076;;;;;
10.05.2026 20:26:19;;;;;;;;259,802256;-27,4294845;261,276416;;;;;
10.05.2026 20:26:22;;;;;;;;259,486488;-27,521761;260,97172;;;;;
10.05.2026 20:26:25;;;;;;;;260,270112;-27,0007575;261,696896;;;;;
10.05.2026 20:26:28;;;;;;;;259,43624;-27,600811;260,931936;;;;;
10.05.2026 20:26:31;;;;;;;;259,190512;-27,8481225;260,713512;;;;;
10.05.2026 20:26:34;;;;;;;;258,79072;-28,2794305;260,363256;;;;;
10.05.2026 20:26:37;;;;;;;;258,85624;-28,302565;260,431368;;;;;
10.05.2026 20:26:40;;;;;;;;258,928024;-28,3429375;260,507192;;;;;
10.05.2026 20:26:43;;;;;;;;258,692184;-28,581176;260,299416;;;;;
10.05.2026 20:26:46;;;;;;;;258,611456;-28,3461525;260,192232;;;;;
10.05.2026 20:26:49;;;;;;;;258,140144;-28,4817015;259,741248;;;;;
10.05.2026 20:26:52;;;;;;;;258,116456;-28,4056255;259,709288;;;;;
10.05.2026 20:26:55;;;;;;;;258,80812;-28,644632;260,422728;;;;;
10.05.2026 20:26:58;;;;;;;;258,696432;-28,633756;260,31128;;;;;
10.05.2026 20:27:01;;;;;;;;258,630896;-28,8629415;260,269776;;;;;
10.05.2026 20:27:04;;;;;;;;259,757392;-28,4244215;261,340768;;;;;
10.05.2026 20:27:07;;;;;;;;259,782376;-28,108065;261,331768;;;;;
10.05.2026 20:27:10;;;;;;;;258,73648;-29,2635695;260,42028;;;;;
10.05.2026 20:27:13;;;;;;;;259,486632;-28,351863;261,064416;;;;;
10.05.2026 20:27:16;;;;;;;;258,882016;-29,2825015;260,565728;;;;;
10.05.2026 20:27:19;;;;;;;;260,292472;-28,66788;261,899272;;;;;
10.05.2026 20:27:22;;;;;;;;260,309576;-28,313817;261,877344;;;;;
10.05.2026 20:27:25;;;;;;;;259,82472;-28,859327;261,456544;;;;;
10.05.2026 20:27:28;;;;;;;;259,700544;-28,907761;261,337624;;;;;
10.05.2026 20:27:31;;;;;;;;259,093976;-28,419643;260,685928;;;;;
10.05.2026 20:27:34;;;;;;;;260,148168;-28,4250385;261,735464;;;;;
10.05.2026 20:27:37;;;;;;;;260,020816;-28,2251285;261,584224;;;;;
10.05.2026 20:27:40;;;;;;;;260,59244;-28,072452;262,140168;;;;;
10.05.2026 20:27:43;;;;;;;;259,253976;-28,834229;260,892984;;;;;
10.05.2026 20:27:46;;;;;;;;258,709024;-28,7264345;260,339744;;;;;
10.05.2026 20:27:49;;;;;;;;259,74032;-28,954116;261,38856;;;;;
10.05.2026 20:27:52;;;;;;;;259,982816;-28,8083205;261,612536;;;;;
10.05.2026 20:27:55;;;;;;;;259,782992;-29,592807;261,50144;;;;;
10.05.2026 20:27:58;;;;;;;;259,731808;-29,8640175;261,479328;;;;;
10.05.2026 20:28:01;;;;;;;;259,627704;-30,5025505;261,447584;;;;;
10.05.2026 20:28:04;;;;;;;;259,248136;-31,044248;261,13468;;;;;
10.05.2026 20:28:07;;;;;;;;259,502208;-30,991057;261,381032;;;;;
10.05.2026 20:28:10;;;;;;;;259,416656;-31,754427;261,389368;;;;;
10.05.2026 20:28:13;;;;;;;;259,329896;-30,946657;261,204512;;;;;
10.05.2026 20:28:16;;;;;;;;259,230344;-31,362887;261,1556;;;;;
10.05.2026 20:28:19;;;;;;;;258,524376;-31,817264;260,511504;;;;;
10.05.2026 20:28:22;;;;;;;;258,505832;-32,169012;260,534624;;;;;
10.05.2026 20:28:25;;;;;;;;259,147864;-31,818545;261,128936;;;;;
10.05.2026 20:28:28;;;;;;;;259,671736;-31,136502;261,565264;;;;;
10.05.2026 20:28:31;;;;;;;;260,108024;-30,1647335;261,882496;;;;;
10.05.2026 20:28:34;;;;;;;;260,076;-30,558923;261,898528;;;;;
10.05.2026 20:28:37;;;;;;;;260,368984;-30,585746;262,190752;;;;;
10.05.2026 20:28:40;;;;;;;;260,979168;-31,032905;262,851624;;;;;
10.05.2026 20:28:43;;;;;;;;260,980064;-30,832674;262,828208;;;;;
10.05.2026 20:28:46;;;;;;;;260,47;-30,974523;262,338432;;;;;
10.05.2026 20:28:49;;;;;;;;259,320304;-31,495126;261,261136;;;;;
10.05.2026 20:28:52;;;;;;;;258,913216;-30,980905;260,795112;;;;;
10.05.2026 20:28:55;;;;;;;;259,077856;-31,148412;260,97608;;;;;
10.05.2026 20:28:58;;;;;;;;258,800168;-30,045117;260,572488;;;;;
10.05.2026 20:29:01;;;;;;;;258,64792;-29,959362;260,409832;;;;;
10.05.2026 20:29:04;;;;;;;;258,426896;-29,6036465;260,151616;;;;;
10.05.2026 20:29:07;;;;;;;;258,250544;-30,297049;260,0564;;;;;
10.05.2026 20:29:10;;;;;;;;258,783376;-29,9495385;260,544104;;;;;
10.05.2026 20:29:13;;;;;;;;258,556232;-31,001756;260,44292;;;;;
10.05.2026 20:29:16;;;;;;;;259,242488;-30,823799;261,10172;;;;;
10.05.2026 20:29:19;;;;;;;;259,678176;-30,929607;261,545408;;;;;
10.05.2026 20:29:22;;;;;;;;259,576744;-31,496004;261,514128;;;;;
10.05.2026 20:29:25;;;;;;;;259,644536;-31,115404;261,535448;;;;;
10.05.2026 20:29:28;;;;;;;;259,046816;-31,039773;260,932688;;;;;
10.05.2026 20:29:31;;;;;;;;259,427808;-30,532711;261,253224;;;;;
10.05.2026 20:29:34;;;;;;;;260,199784;-30,4498095;262,010712;;;;;
10.05.2026 20:29:37;;;;;;;;260,5742;-29,801312;262,30456;;;;;
10.05.2026 20:29:40;;;;;;;;259,045448;-30,118519;260,82508;;;;;
10.05.2026 20:29:43;;;;;;;;258,55808;-29,8259505;260,307032;;;;;
10.05.2026 20:29:46;;;;;;;;258,495184;-29,6885455;260,228968;;;;;
10.05.2026 20:29:49;;;;;;;;259,411928;-29,5172485;261,12004;;;;;
10.05.2026 20:29:52;;;;;;;;259,001568;-29,120831;260,667752;;;;;
10.05.2026 20:29:55;;;;;;;;258,256416;-29,98246;260,025384;;;;;
10.05.2026 20:29:58;;;;;;;;259,289904;-29,5411475;260,999456;;;;;
10.05.2026 20:30:01;;;;;;;;259,351056;-30,855416;261,212408;;;;;
10.05.2026 20:30:04;;;;;;;;259,240848;-30,616106;261,075248;;;;;
10.05.2026 20:30:07;;;;;;;;259,08248;-30,281458;260,879808;;;;;
10.05.2026 20:30:10;;;;;;;;258,944576;-29,4713145;260,648848;;;;;
10.05.2026 20:30:13;;;;;;;;260,080528;-28,8289305;261,706624;;;;;
10.05.2026 20:30:16;;;;;;;;260,6864;-28,608814;262,284592;;;;;
10.05.2026 20:30:19;;;;;;;;260,498448;-29,0743295;262,148752;;;;;
10.05.2026 20:30:22;;;;;;;;261,627672;-28,7991475;263,239472;;;;;
10.05.2026 20:30:25;;;;;;;;261,493864;-29,034666;263,133944;;;;;
10.05.2026 20:30:28;;;;;;;;261,009248;-29,0364995;262,64984;;;;;
10.05.2026 20:30:31;;;;;;;;260,087624;-30,376161;261,891584;;;;;
10.05.2026 20:30:34;;;;;;;;260,375592;-29,5189095;262,074888;;;;;
10.05.2026 20:30:37;;;;;;;;260,632088;-30,042795;262,388744;;;;;
10.05.2026 20:30:40;;;;;;;;261,334872;-29,311913;263,004368;;;;;
10.05.2026 20:30:43;;;;;;;;260,837224;-29,8630325;262,574208;;;;;
10.05.2026 20:30:46;;;;;;;;260,986368;-29,5181525;262,681632;;;;;
10.05.2026 20:30:49;;;;;;;;260,41388;-29,787449;262,141584;;;;;
10.05.2026 20:30:52;;;;;;;;260,92408;-28,54518;262,511576;;;;;
10.05.2026 20:30:55;;;;;;;;261,72204;-27,9637565;263,240912;;;;;
10.05.2026 20:30:58;;;;;;;;261,69296;-28,4437795;263,262352;;;;;
10.05.2026 20:31:01;;;;;;;;261,384512;-27,9395295;262,902888;;;;;
10.05.2026 20:31:04;;;;;;;;259,766032;-28,9352955;261,402576;;;;;
10.05.2026 20:31:07;;;;;;;;259,730576;-27,768063;261,24164;;;;;
10.05.2026 20:31:10;;;;;;;;259,19816;-29,465639;260,903368;;;;;
10.05.2026 20:31:13;;;;;;;;259,862584;-28,52057;261,45448;;;;;
10.05.2026 20:31:16;;;;;;;;259,64208;-28,8004605;261,268376;;;;;
10.05.2026 20:31:19;;;;;;;;259,47048;-29,3219465;261,156;;;;;
10.05.2026 20:31:22;;;;;;;;259,799984;-28,851846;261,42932;;;;;
10.05.2026 20:31:25;;;;;;;;259,992312;-28,997613;261,63736;;;;;
10.05.2026 20:31:28;;;;;;;;259,921064;-28,603731;261,52308;;;;;
10.05.2026 20:31:31;;;;;;;;259,912336;-28,7330915;261,52928;;;;;
10.05.2026 20:31:34;;;;;;;;260,531272;-27,8661655;262,052064;;;;;
10.05.2026 20:31:37;;;;;;;;260,565336;-27,929628;262,091728;;;;;
10.05.2026 20:31:40;;;;;;;;260,964016;-27,907316;262,48532;;;;;
10.05.2026 20:31:43;;;;;;;;260,383656;-27,2712875;261,840784;;;;;
10.05.2026 20:31:46;;;;;;;;260,5256;-27,200881;261,974256;;;;;
10.05.2026 20:31:49;;;;;;;;260,292728;-26,9719525;261,718528;;;;;
10.05.2026 20:31:52;;;;;;;;261,26428;-25,9319415;262,581648;;;;;
10.05.2026 20:31:55;;;;;;;;261,364368;-26,509106;262,738416;;;;;
10.05.2026 20:31:58;;;;;;;;260,251104;-25,572032;261,538336;;;;;
10.05.2026 20:32:01;;;;;;;;259,817096;-26,4954515;261,197896;;;;;
10.05.2026 20:32:04;;;;;;;;259,968944;-25,776853;261,276776;;;;;
10.05.2026 20:32:07;;;;;;;;259,363096;-25,9907165;260,695632;;;;;
10.05.2026 20:32:10;;;;;;;;259,285184;-26,759579;260,69592;;;;;
10.05.2026 20:32:13;;;;;;;;259,362536;-25,5855615;260,652416;;;;;
10.05.2026 20:32:16;;;;;;;;259,154104;-26,4462855;260,53216;;;;;
10.05.2026 20:32:19;;;;;;;;259,911984;-24,842671;261,12656;;;;;
10.05.2026 20:32:22;;;;;;;;259,921888;-25,146647;261,165408;;;;;
10.05.2026 20:32:25;;;;;;;;261,45824;-25,1425625;262,695656;;;;;
10.05.2026 20:32:28;;;;;;;;260,819128;-25,44669;262,089848;;;;;
10.05.2026 20:32:31;;;;;;;;259,62;-25,6996715;260,920048;;;;;
10.05.2026 20:32:34;;;;;;;;259,374416;-25,7617025;260,68192;;;;;
10.05.2026 20:32:37;;;;;;;;259,467992;-26,115996;260,810152;;;;;
10.05.2026 20:32:40;;;;;;;;260,157472;-26,317029;261,516128;;;;;
10.05.2026 20:32:43;;;;;;;;259,851816;-26,708277;261,252304;;;;;
10.05.2026 20:32:46;;;;;;;;260,117592;-26,6151275;261,506624;;;;;
10.05.2026 20:32:49;;;;;;;;260,36328;-26,229393;261,709648;;;;;
10.05.2026 20:32:52;;;;;;;;260,167024;-26,806051;261,57228;;;;;
10.05.2026 20:32:55;;;;;;;;260,695136;-26,6658055;262,083728;;;;;
10.05.2026 20:32:58;;;;;;;;260,755728;-27,295998;262,208352;;;;;
10.05.2026 20:33:01;;;;;;;;259,972736;-27,5695255;261,458;;;;;
10.05.2026 20:33:04;;;;;;;;259,466928;-27,5664665;260,95736;;;;;
10.05.2026 20:33:07;;;;;;;;258,829032;-27,9937205;260,369424;;;;;
10.05.2026 20:33:10;;;;;;;;259,126552;-27,6948;260,632768;;;;;
10.05.2026 20:33:13;;;;;;;;258,872936;-28,1552435;260,42856;;;;;
10.05.2026 20:33:16;;;;;;;;259,299056;-27,815544;260,817216;;;;;
10.05.2026 20:33:19;;;;;;;;258,883152;-27,6645815;260,386344;;;;;
10.05.2026 20:33:22;;;;;;;;259,057952;-28,009986;260,599592;;;;;
10.05.2026 20:33:25;;;;;;;;259,153384;-27,9324025;260,685216;;;;;
10.05.2026 20:33:28;;;;;;;;258,427992;-29,4164935;260,128128;;;;;
10.05.2026 20:33:31;;;;;;;;258,943488;-28,5223215;260,541272;;;;;
10.05.2026 20:33:34;;;;;;;;258,333672;-29,529535;260,046568;;;;;
10.05.2026 20:33:37;;;;;;;;258,509304;-29,532641;260,220528;;;;;
10.05.2026 20:33:40;;;;;;;;258,550992;-29,615323;260,271048;;;;;
10.05.2026 20:33:43;;;;;;;;257,99172;-30,867849;259,859304;;;;;
10.05.2026 20:33:46;;;;;;;;258,878024;-29,675089;260,601904;;;;;
10.05.2026 20:33:49;;;;;;;;259,727832;-29,275379;261,400968;;;;;
10.05.2026 20:33:52;;;;;;;;259,351984;-29,3778135;261,039024;;;;;
10.05.2026 20:33:55;;;;;;;;259,369864;-29,402872;261,060448;;;;;
10.05.2026 20:33:58;;;;;;;;259,85052;-28,774955;261,467672;;;;;
10.05.2026 20:34:01;;;;;;;;260,971672;-27,737045;262,474344;;;;;
10.05.2026 20:34:04;;;;;;;;260,953608;-27,2786175;262,4072;;;;;
10.05.2026 20:34:07;;;;;;;;259,401328;-27,714366;260,907816;;;;;
10.05.2026 20:34:10;;;;;;;;257,91324;-28,3746935;259,498048;;;;;
10.05.2026 20:34:13;;;;;;;;258,406504;-27,7257065;259,919456;;;;;
10.05.2026 20:34:16;;;;;;;;258,99304;-28,127581;260,546944;;;;;
10.05.2026 20:34:19;;;;;;;;259,3832;-26,913231;260,807848;;;;;
10.05.2026 20:34:22;;;;;;;;258,89152;-27,7643355;260,407664;;;;;
10.05.2026 20:34:25;;;;;;;;259,65548;-27,2292875;261,109448;;;;;
10.05.2026 20:34:28;;;;;;;;260,404248;-27,0069945;261,831264;;;;;
10.05.2026 20:34:31;;;;;;;;260,3972;-26,4042975;261,764208;;;;;
10.05.2026 20:34:34;;;;;;;;259,925304;-26,6989585;261,325672;;;;;
10.05.2026 20:34:37;;;;;;;;260,204256;-26,5868095;261,590408;;;;;
10.05.2026 20:34:40;;;;;;;;259,572912;-27,1583155;261,021304;;;;;
10.05.2026 20:34:43;;;;;;;;259,963064;-26,1237955;261,301976;;;;;
10.05.2026 20:34:46;;;;;;;;259,380608;-26,677863;260,777232;;;;;
10.05.2026 20:34:49;;;;;;;;258,930776;-26,622857;260,324848;;;;;
10.05.2026 20:34:52;;;;;;;;259,469832;-25,848108;260,782856;;;;;
10.05.2026 20:34:55;;;;;;;;260,63152;-25,3470085;261,888696;;;;;
10.05.2026 20:34:58;;;;;;;;262,187064;-24,1628875;263,3246;;;;;
10.05.2026 20:35:01;;;;;;;;261,893224;-24,1752645;263,03564;;;;;
10.05.2026 20:35:04;;;;;;;;260,046576;-24,1348615;261,192816;;;;;
10.05.2026 20:35:07;;;;;;;;258,63224;-25,009547;259,867128;;;;;
10.05.2026 20:35:10;;;;;;;;258,540912;-25,3513105;259,81164;;;;;
10.05.2026 20:35:13;;;;;;;;258,423688;-25,332365;259,692104;;;;;
10.05.2026 20:35:16;;;;;;;;258,477016;-25,8617925;259,799248;;;;;
10.05.2026 20:35:19;;;;;;;;258,745088;-26,126922;260,090592;;;;;
10.05.2026 20:35:22;;;;;;;;259,02616;-26,714965;260,428392;;;;;
10.05.2026 20:35:25;;;;;;;;259,067288;-26,648199;260,46484;;;;;
10.05.2026 20:35:28;;;;;;;;258,11636;-26,848883;259,541768;;;;;
10.05.2026 20:35:31;;;;;;;;258,440952;-27,2529335;259,9068;;;;;
10.05.2026 20:35:34;;;;;;;;258,928384;-27,612846;260,42828;;;;;
10.05.2026 20:35:37;;;;;;;;259,256104;-27,7043105;260,764472;;;;;
10.05.2026 20:35:40;;;;;;;;260,130136;-27,5281215;261,613248;;;;;
10.05.2026 20:35:43;;;;;;;;259,263656;-26,978139;260,693032;;;;;
10.05.2026 20:35:46;;;;;;;;257,85436;-28,511449;259,456616;;;;;
10.05.2026 20:35:49;;;;;;;;258,8294;-28,7674955;260,45872;;;;;
10.05.2026 20:35:52;;;;;;;;258,987664;-29,0953745;260,653216;;;;;
10.05.2026 20:35:55;;;;;;;;259,645656;-29,090009;261,30712;;;;;
10.05.2026 20:35:58;;;;;;;;259,698048;-28,6067675;261,304184;;;;;
10.05.2026 20:36:01;;;;;;;;259,340616;-29,798398;261,081568;;;;;
10.05.2026 20:36:04;;;;;;;;259,19124;-29,2061705;260,865304;;;;;
10.05.2026 20:36:07;;;;;;;;260,46056;-29,331319;262,141984;;;;;
10.05.2026 20:36:10;;;;;;;;263,134064;-27,5884745;264,61076;;;;;
10.05.2026 20:36:13;;;;;;;;263,5744;-27,5075585;265,038888;;;;;
10.05.2026 20:36:16;;;;;;;;263,647;-27,565494;265,120632;;;;;
10.05.2026 20:36:19;;;;;;;;260,2052;-28,96442;261,845304;;;;;
10.05.2026 20:36:22;;;;;;;;259,231264;-28,7836805;260,858528;;;;;
10.05.2026 20:36:25;;;;;;;;259,363448;-28,62844;260,97084;;;;;
10.05.2026 20:36:28;;;;;;;;259,25168;-28,842158;260,884856;;;;;
10.05.2026 20:36:31;;;;;;;;258,891184;-28,93145;260,534464;;;;;
10.05.2026 20:36:34;;;;;;;;258,478336;-29,4105845;260,178584;;;;;
10.05.2026 20:36:37;;;;;;;;258,706352;-28,835304;260,339728;;;;;
10.05.2026 20:36:40;;;;;;;;258,880016;-29,3118715;260,565736;;;;;
10.05.2026 20:36:43;;;;;;;;259,78928;-28,6190675;261,393568;;;;;
10.05.2026 20:36:46;;;;;;;;259,335928;-28,406267;260,920152;;;;;
10.05.2026 20:36:49;;;;;;;;259,120096;-28,5010795;260,713424;;;;;
10.05.2026 20:36:52;;;;;;;;258,93184;-28,75391;260,553768;;;;;
10.05.2026 20:36:55;;;;;;;;258,93876;-28,029515;260,4816;;;;;
10.05.2026 20:36:58;;;;;;;;259,403856;-28,3042145;260,976792;;;;;
10.05.2026 20:37:01;;;;;;;;259,594792;-28,039534;261,136232;;;;;
10.05.2026 20:37:04;;;;;;;;259,17964;-28,4836575;260,773024;;;;;
10.05.2026 20:37:07;;;;;;;;259,24784;-27,6808885;260,755616;;;;;
10.05.2026 20:37:10;;;;;;;;259,582848;-27,8067465;261,102656;;;;;
10.05.2026 20:37:13;;;;;;;;260,64432;-27,1082325;262,08304;;;;;
10.05.2026 20:37:16;;;;;;;;260,722768;-27,5166305;262,204064;;;;;
10.05.2026 20:37:19;;;;;;;;261,350152;-27,404371;262,81856;;;;;
10.05.2026 20:37:22;;;;;;;;260,579072;-27,113492;262,021224;;;;;
10.05.2026 20:37:25;;;;;;;;260,614952;-27,6533905;262,112288;;;;;
10.05.2026 20:37:28;;;;;;;;260,607912;-27,442388;262,081696;;;;;
10.05.2026 20:37:31;;;;;;;;260,341776;-27,7155355;261,846784;;;;;
10.05.2026 20:37:34;;;;;;;;260,724128;-27,41222;262,191992;;;;;
10.05.2026 20:37:37;;;;;;;;260,2066;-27,341909;261,672912;;;;;
10.05.2026 20:37:40;;;;;;;;259,235832;-27,0655185;260,677248;;;;;
10.05.2026 20:37:43;;;;;;;;259,68796;-27,1809655;261,138008;;;;;
10.05.2026 20:37:46;;;;;;;;259,725688;-26,1200065;261,066936;;;;;
10.05.2026 20:37:49;;;;;;;;258,166856;-27,1428725;259,621296;;;;;
10.05.2026 20:37:52;;;;;;;;258,009816;-26,0118335;259,34732;;;;;
10.05.2026 20:37:55;;;;;;;;257,590368;-25,874064;258,915736;;;;;
10.05.2026 20:37:58;;;;;;;;258,777368;-24,999418;260,01108;;;;;